date,restaurant_id,guests,revenue
2024-01-01,1,65,82908.0
2024-01-02,1,75,128446.0
2024-01-03,1,107,154598.0
2024-01-04,1,113,156028.0
2024-01-05,1,113,166075.0
2024-01-06,1,120,199877.0
2024-01-07,1,107,168069.0
2024-01-08,1,131,217014.0
2024-01-09,1,57,81242.0
2024-01-10,1,70,91541.0
2024-01-11,1,99,163434.0
2024-01-12,1,122,192784.0
2024-01-13,1,119,193402.0
2024-01-14,1,113,146514.0
2024-01-15,1,79,95143.0
2024-01-16,1,55,68275.0
2024-01-17,1,79,101287.0
2024-01-18,1,72,98381.0
2024-01-19,1,136,190458.0
2024-01-20,1,130,200737.0
2024-01-21,1,102,155322.0
2024-01-22,1,55,73979.0
2024-01-23,1,80,110470.0
2024-01-24,1,68,81574.0
2024-01-25,1,80,122368.0
2024-01-26,1,92,148031.0
2024-01-27,1,126,227489.0
2024-01-28,1,113,161864.0
2024-01-29,1,71,113624.0
2024-01-30,1,61,78064.0
2024-01-31,1,97,114940.0
2024-02-01,1,100,167235.0
2024-02-02,1,83,147370.0
2024-02-03,1,123,209544.0
2024-02-04,1,120,179056.0
2024-02-05,1,58,69834.0
2024-02-06,1,57,66719.0
2024-02-07,1,71,112022.0
2024-02-08,1,85,122024.0
2024-02-09,1,119,174324.0
2024-02-10,1,131,223701.0
2024-02-11,1,103,174432.0
2024-02-12,1,61,99887.0
2024-02-13,1,77,103652.0
2024-02-14,1,110,168805.0
2024-02-15,1,86,117492.0
2024-02-16,1,133,215626.0
2024-02-17,1,147,253214.0
2024-02-18,1,123,163848.0
2024-02-19,1,54,96960.0
2024-02-20,1,54,73758.0
2024-02-21,1,86,125702.0
2024-02-22,1,79,108154.0
2024-02-23,1,96,180353.0
2024-02-24,1,135,230483.0
2024-02-25,1,95,146681.0
2024-02-26,1,49,83626.0
2024-02-27,1,89,122433.0
2024-02-28,1,78,119773.0
2024-02-29,1,110,132407.0
2024-03-01,1,88,135640.0
2024-03-02,1,114,172824.0
2024-03-03,1,90,124849.0
2024-03-04,1,60,84831.0
2024-03-05,1,85,135200.0
2024-03-06,1,93,158970.0
2024-03-07,1,85,115931.0
2024-03-08,1,123,198593.0
2024-03-09,1,150,228265.0
2024-03-10,1,108,200985.0
2024-03-11,1,56,79104.0
2024-03-12,1,66,88361.0
2024-03-13,1,72,111236.0
2024-03-14,1,96,123012.0
2024-03-15,1,129,206336.0
2024-03-16,1,245,415635.0
2024-03-17,1,99,190239.0
2024-03-18,1,68,110973.0
2024-03-19,1,60,90691.0
2024-03-20,1,71,111800.0
2024-03-21,1,103,141353.0
2024-03-22,1,122,199223.0
2024-03-23,1,127,183814.0
2024-03-24,1,80,131327.0
2024-03-25,1,59,87672.0
2024-03-26,1,81,125641.0
2024-03-27,1,65,39122.55
2024-03-28,1,92,119973.0
2024-03-29,1,110,151333.0
2024-03-30,1,135,254383.0
2024-03-31,1,92,161795.0
2024-04-01,1,60,98770.0
2024-04-02,1,61,72661.0
2024-04-03,1,100,180877.0
2024-04-04,1,65,107147.0
2024-04-05,1,103,136866.0
2024-04-06,1,129,203269.0
2024-04-07,1,105,182241.0
2024-04-08,1,68,99876.0
2024-04-09,1,83,113443.0
2024-04-10,1,90,140309.0
2024-04-11,1,112,138647.0
2024-04-12,1,111,170289.0
2024-04-13,1,153,269270.0
2024-04-14,1,91,144665.0
2024-04-15,1,54,75489.0
2024-04-16,1,68,101881.0
2024-04-17,1,80,138858.0
2024-04-18,1,111,167794.0
2024-04-19,1,117,90697.05
2024-04-20,1,140,234569.0
2024-04-21,1,114,210438.0
2024-04-22,1,67,93991.0
2024-04-23,1,58,81025.0
2024-04-24,1,83,111432.0
2024-04-25,1,81,108685.0
2024-04-26,1,121,161687.0
2024-04-27,1,142,211249.0
2024-04-28,1,125,175440.0
2024-04-29,1,82,135352.0
2024-04-30,1,70,98159.0
2024-05-01,1,133,191096.0
2024-05-02,1,119,200802.0
2024-05-03,1,151,214573.0
2024-05-04,1,170,292812.0
2024-05-05,1,115,169364.0
2024-05-06,1,91,161488.0
2024-05-07,1,76,121311.0
2024-05-08,1,83,102974.0
2024-05-09,1,99,137645.0
2024-05-10,1,118,218668.0
2024-05-11,1,140,220554.0
2024-05-12,1,123,197611.0
2024-05-13,1,65,106286.0
2024-05-14,1,72,91898.0
2024-05-15,1,81,122982.0
2024-05-16,1,99,141209.0
2024-05-17,1,121,189258.0
2024-05-18,1,196,331383.0
2024-05-19,1,152,240664.0
2024-05-20,1,73,93061.0
2024-05-21,1,58,81821.0
2024-05-22,1,65,95604.0
2024-05-23,1,104,149661.0
2024-05-24,1,100,165743.0
2024-05-25,1,131,205936.0
2024-05-26,1,127,185798.0
2024-05-27,1,55,76676.0
2024-05-28,1,99,127863.0
2024-05-29,1,189,244051.0
2024-05-30,1,93,166604.0
2024-05-31,1,122,208069.0
2024-06-01,1,105,150543.0
2024-06-02,1,124,191122.0
2024-06-03,1,68,89312.0
2024-06-04,1,89,146159.0
2024-06-05,1,96,140135.0
2024-06-06,1,136,207269.0
2024-06-07,1,128,209962.0
2024-06-08,1,126,191715.0
2024-06-09,1,100,146652.0
2024-06-10,1,62,103256.0
2024-06-11,1,96,137785.0
2024-06-12,1,83,115412.0
2024-06-13,1,110,141065.0
2024-06-14,1,116,190556.0
2024-06-15,1,146,235505.0
2024-06-16,1,119,156617.0
2024-06-17,1,51,82313.0
2024-06-18,1,59,84410.0
2024-06-19,1,84,110121.0
2024-06-20,1,108,189047.0
2024-06-21,1,109,178232.0
2024-06-22,1,128,181037.0
2024-06-23,1,119,199280.0
2024-06-24,1,59,89683.0
2024-06-25,1,91,132310.0
2024-06-26,1,87,140015.0
2024-06-27,1,101,131359.0
2024-06-28,1,124,219362.0
2024-06-29,1,175,249111.0
2024-06-30,1,107,171273.0
2024-07-01,1,59,84574.0
2024-07-02,1,88,136251.0
2024-07-03,1,94,125829.0
2024-07-04,1,121,191530.0
2024-07-05,1,106,168671.0
2024-07-06,1,114,134243.0
2024-07-07,1,95,148359.0
2024-07-08,1,85,143021.0
2024-07-09,1,105,178811.0
2024-07-10,1,95,145025.0
2024-07-11,1,100,145448.0
2024-07-12,1,153,253937.0
2024-07-13,1,130,223677.0
2024-07-14,1,127,224455.0
2024-07-15,1,74,116769.0
2024-07-16,1,75,105792.5
2024-07-17,1,87,108379.0
2024-07-18,1,106,142255.0
2024-07-19,1,118,166124.0
2024-07-20,1,178,280398.0
2024-07-21,1,106,176729.0
2024-07-22,1,97,148370.0
2024-07-23,1,52,73200.0
2024-07-24,1,88,132017.0
2024-07-25,1,98,172248.0
2024-07-26,1,96,155959.0
2024-07-27,1,126,214816.0
2024-07-28,1,100,144879.0
2024-07-29,1,66,109541.0
2024-07-30,1,75,105792.5
2024-07-31,1,87,140702.0
2024-08-01,1,101,139353.0
2024-08-02,1,116,170857.0
2024-08-03,1,148,241610.0
2024-08-04,1,106,194755.0
2024-08-05,1,78,127861.0
2024-08-06,1,80,122647.0
2024-08-07,1,73,110250.0
2024-08-08,1,94,186364.0
2024-08-09,1,121,191415.0
2024-08-10,1,142,212995.0
2024-08-11,1,100,135460.0
2024-08-12,1,83,139119.0
2024-08-13,1,75,116712.0
2024-08-14,1,116,206379.0
2024-08-15,1,124,150937.0
2024-08-16,1,121,230195.0
2024-08-17,1,123,180915.0
2024-08-18,1,86,139944.0
2024-08-19,1,58,74151.0
2024-08-20,1,94,172768.0
2024-08-21,1,100,150534.0
2024-08-22,1,78,108295.0
2024-08-23,1,108,172302.0
2024-08-24,1,111,180615.0
2024-08-25,1,95,119972.0
2024-08-26,1,54,71033.0
2024-08-27,1,58,85410.0
2024-08-28,1,85,136769.0
2024-08-29,1,88,131348.0
2024-08-30,1,94,138864.0
2024-08-31,1,123,198833.0
2024-09-01,1,47,75803.0
2024-09-02,1,67,95143.0
2024-09-03,1,42,59284.0
2024-09-04,1,105,137334.0
2024-09-05,1,115,190125.0
2024-09-06,1,110,164348.0
2024-09-07,1,117,202448.0
2024-09-08,1,107,151348.0
2024-09-09,1,92,112733.0
2024-09-10,1,61,92489.0
2024-09-11,1,96,136411.0
2024-09-12,1,110,172278.0
2024-09-13,1,105,168255.0
2024-09-14,1,116,142745.0
2024-09-15,1,102,148501.0
2024-09-16,1,63,87575.0
2024-09-17,1,63,79464.0
2024-09-18,1,77,119777.0
2024-09-19,1,107,166456.0
2024-09-20,1,79,132927.0
2024-09-21,1,144,202234.0
2024-09-22,1,130,179334.0
2024-09-23,1,59,92984.0
2024-09-24,1,84,120534.0
2024-09-25,1,85,111793.0
2024-09-26,1,79,113250.0
2024-09-27,1,125,171428.0
2024-09-28,1,133,220554.0
2024-09-29,1,102,164331.0
2024-09-30,1,92,152718.0
2024-10-01,1,78,110556.0
2024-10-02,1,77,126300.0
2024-10-03,1,83,122224.0
2024-10-04,1,96,152826.0
2024-10-05,1,140,220554.0
2024-10-06,1,112,177609.0
2024-10-07,1,67,95143.0
2024-10-08,1,59,76168.0
2024-10-09,1,87,143900.0
2024-10-10,1,89,124216.0
2024-10-11,1,112,168339.0
2024-10-12,1,130,237123.0
2024-10-13,1,107,182462.0
2024-10-14,1,72,109083.0
2024-10-15,1,59,92021.0
2024-10-16,1,80,127941.0
2024-10-17,1,67,81677.0
2024-10-18,1,127,170666.0
2024-10-19,1,148,206626.0
2024-10-20,1,67,94431.0
2024-10-21,1,54,79887.0
2024-10-22,1,77,118051.0
2024-10-23,1,74,121117.0
2024-10-24,1,89,138144.0
2024-10-25,1,90,126711.0
2024-10-26,1,129,171188.0
2024-10-27,1,112,192342.0
2024-10-28,1,59,86645.0
2024-10-29,1,77,117983.0
2024-10-30,1,90,118948.0
2024-10-31,1,99,141209.0
2024-11-01,1,81,116002.0
2024-11-02,1,101,158548.0
2024-11-03,1,127,186144.0
2024-11-04,1,91,116349.0
2024-11-05,1,95,125162.0
2024-11-06,1,90,128631.0
2024-11-07,1,91,127982.0
2024-11-08,1,133,219282.0
2024-11-09,1,142,278746.0
2024-11-10,1,96,160215.0
2024-11-11,1,68,103692.0
2024-11-12,1,72,105950.0
2024-11-13,1,56,72606.0
2024-11-14,1,93,120591.0
2024-11-15,1,88,162893.0
2024-11-16,1,245,415635.0
2024-11-17,1,99,153762.0
2024-11-18,1,73,101437.0
2024-11-19,1,78,93190.0
2024-11-20,1,101,134868.0
2024-11-21,1,94,63798.3
2024-11-22,1,18,27166.0
2024-11-23,1,121,183178.0
2024-11-24,1,77,110923.0
2024-11-25,1,58,83552.0
2024-11-26,1,79,116201.0
2024-11-27,1,86,126079.0
2024-11-28,1,80,117653.0
2024-11-29,1,99,163800.0
2024-11-30,1,104,151108.0
2024-12-01,1,84,131885.0
2024-12-02,1,56,94519.0
2024-12-03,1,91,137379.0
2024-12-04,1,78,111384.0
2024-12-05,1,79,109469.0
2024-12-06,1,80,118051.0
2024-12-07,1,136,192048.0
2024-12-08,1,100,153709.0
2024-12-09,1,80,119953.0
2024-12-10,1,84,121935.0
2024-12-11,1,63,93034.0
2024-12-12,1,89,146004.0
2024-12-13,1,133,220214.0
2024-12-14,1,110,173850.0
2024-12-15,1,110,174192.0
2024-12-16,1,58,92137.0
2024-12-17,1,74,108279.0
2024-12-18,1,64,95906.0
2024-12-19,1,107,181527.0
2024-12-20,1,121,168928.0
2024-12-21,1,138,368144.45
2024-12-22,1,95,157285.0
2024-12-23,1,65,112945.0
2024-12-24,1,63,93558.0
2024-12-25,1,82,125534.0
2024-12-26,1,81,112995.0
2024-12-27,1,103,152619.0
2024-12-28,1,139,244659.0
2024-12-29,1,94,138622.0
2024-12-30,1,52,72251.0
2024-12-31,1,93,117429.0
2025-01-01,1,68,94237.0
2025-01-02,1,88,116466.0
2025-01-03,1,138,211113.0
2025-01-04,1,149,274058.0
2025-01-05,1,106,191732.0
2025-01-06,1,92,122978.0
2025-01-07,1,84,132852.0
2025-01-08,1,115,162162.0
2025-01-09,1,117,172780.0
2025-01-10,1,138,235161.0
2025-01-11,1,118,169399.0
2025-01-12,1,57,88901.0
2025-01-13,1,81,131387.0
2025-01-14,1,62,83211.0
2025-01-15,1,82,110622.0
2025-01-16,1,114,164436.0
2025-01-17,1,77,129332.0
2025-01-18,1,112,184406.0
2025-01-19,1,60,89658.0
2025-01-20,1,56,84221.0
2025-01-21,1,63,99250.0
2025-01-22,1,100,140037.0
2025-01-23,1,110,178177.0
2025-01-24,1,77,109653.0
2025-01-25,1,100,189341.0
2025-01-26,1,99,168929.0
2025-01-27,1,50,64102.0
2025-01-28,1,57,87233.0
2025-01-29,1,97,155358.0
2025-01-30,1,92,126981.0
2025-01-31,1,119,174648.0
2025-02-01,1,122,187813.0
2025-02-02,1,130,196651.0
2025-02-03,1,56,88213.0
2025-02-04,1,61,82201.0
2025-02-05,1,98,129467.0
2025-02-06,1,89,144085.0
2025-02-07,1,113,167191.0
2025-02-08,1,116,159216.0
2025-02-09,1,107,173404.0
2025-02-10,1,59,67173.0
2025-02-11,1,77,95613.0
2025-02-12,1,62,100264.0
2025-02-13,1,83,156854.0
2025-02-14,1,135,198620.0
2025-02-15,1,87,119625.0
2025-02-16,1,101,131657.0
2025-02-17,1,65,113567.0
2025-02-18,1,66,91474.0
2025-02-19,1,84,125575.0
2025-02-20,1,102,158767.0
2025-02-21,1,118,183169.0
2025-02-22,1,122,212939.0
2025-02-23,1,119,161144.0
2025-02-24,1,63,87816.0
2025-02-25,1,66,83947.0
2025-02-26,1,86,125702.0
2025-02-27,1,76,117775.0
2025-02-28,1,113,186889.0
2025-03-01,1,138,204966.0
2025-03-02,1,89,121218.0
2025-03-03,1,82,131566.0
2025-03-04,1,70,100246.0
2025-03-05,1,0,0.0
2025-03-06,1,77,90118.0
2025-03-07,1,106,155917.0
2025-03-08,1,190,294429.0
2025-03-09,1,86,133504.0
2025-03-10,1,73,109093.0
2025-03-11,1,77,115239.0
2025-03-12,1,86,125702.0
2025-03-13,1,75,116704.0
2025-03-14,1,99,150726.0
2025-03-15,1,245,415635.0
2025-03-16,1,101,137338.0
2025-03-17,1,17,23847.0
2025-03-18,1,187,264202.0
2025-03-19,1,95,170474.0
2025-03-20,1,93,127140.0
2025-03-21,1,92,162812.0
2025-03-22,1,140,220554.0
2025-03-23,1,124,188016.0
2025-03-24,1,83,116627.0
2025-03-25,1,67,102179.0
2025-03-26,1,85,107837.0
2025-03-27,1,105,150688.0
2025-03-28,1,176,249765.0
2025-03-29,1,144,215307.0
2025-03-30,1,102,139025.0
2025-03-31,1,62,75522.0
2025-04-01,1,82,135041.0
2025-04-02,1,74,93771.0
2025-04-03,1,121,155151.0
2025-04-04,1,123,232119.0
2025-04-05,1,156,256038.0
2025-04-06,1,98,162538.0
2025-04-07,1,65,87767.0
2025-04-08,1,73,94134.0
2025-04-09,1,63,84138.0
2025-04-10,1,103,133348.0
2025-04-11,1,133,403066.9
2025-04-12,1,170,287850.0
2025-04-13,1,100,188603.0
2025-04-14,1,57,79618.0
2025-04-15,1,77,92768.0
2025-04-16,1,78,110099.0
2025-04-17,1,95,169418.0
2025-04-18,1,128,242708.0
2025-04-19,1,145,191505.0
2025-04-20,1,96,155428.0
2025-04-21,1,82,120459.0
2025-04-22,1,76,90551.0
2025-04-23,1,77,104456.0
2025-04-24,1,125,176919.0
2025-04-25,1,132,175568.0
2025-04-26,1,195,253032.0
2025-04-27,1,106,190006.0
2025-04-28,1,58,84693.0
2025-04-29,1,86,132729.0
2025-04-30,1,88,109915.0
2025-05-01,1,121,186702.0
2025-05-02,1,156,210621.0
2025-05-03,1,119,208335.0
2025-05-04,1,127,197265.0
2025-05-05,1,80,106932.0
2025-05-06,1,80,111673.0
2025-05-07,1,87,145639.0
2025-05-08,1,91,124775.0
2025-05-09,1,147,224072.0
2025-05-10,1,162,238634.0
2025-05-11,1,83,116618.0
2025-05-12,1,63,92901.0
2025-05-13,1,47,64036.0
2025-05-14,1,80,108058.0
2025-05-15,1,127,177988.0
2025-05-16,1,170,235496.0
2025-05-17,1,151,246650.0
2025-05-18,1,92,125009.0
2025-05-19,1,52,75941.0
2025-05-20,1,57,81590.0
2025-05-21,1,114,181190.0
2025-05-22,1,99,149324.0
2025-05-23,1,125,237798.0
2025-05-24,1,151,220291.0
2025-05-25,1,105,177276.0
2025-05-26,1,71,98461.0
2025-05-27,1,89,114344.0
2025-05-28,1,89,118293.0
2025-05-29,1,98,127524.0
2025-05-30,1,120,161995.0
2025-05-31,1,161,224022.0
2025-06-01,1,121,163084.0
2025-06-02,1,85,122076.0
2025-06-03,1,88,136705.0
2025-06-04,1,86,106840.0
2025-06-05,1,84,96375.0
2025-06-06,1,160,290347.0
2025-06-07,1,155,230997.0
2025-06-08,1,146,237211.0
2025-06-09,1,65,112552.0
2025-06-10,1,71,116948.0
2025-06-11,1,102,137285.0
2025-06-12,1,135,181330.0
2025-06-13,1,151,201478.0
2025-06-14,1,140,265187.0
2025-06-15,1,87,114436.0
2025-06-16,1,61,83792.0
2025-06-17,1,78,106304.0
2025-06-18,1,84,101196.0
2025-06-19,1,132,229193.0
2025-06-20,1,101,193183.0
2025-06-21,1,149,202550.0
2025-06-22,1,79,110969.0
2025-06-23,1,67,82586.0
2025-06-24,1,62,93463.0
2025-06-25,1,72,99767.0
2025-06-26,1,114,164853.0
2025-06-27,1,123,198276.0
2025-06-28,1,122,182194.0
2025-06-29,1,95,140237.0
2025-06-30,1,70,105876.0
2025-07-01,1,55,78474.0
2025-07-02,1,112,174598.0
2025-07-03,1,126,199992.0
2025-07-04,1,138,247161.0
2025-07-05,1,171,220554.0
2025-07-06,1,108,142950.0
2025-07-07,1,72,103288.0
2025-07-08,1,91,128277.0
2025-07-09,1,94,122435.0
2025-07-10,1,93,137591.0
2025-07-11,1,245,415635.0
2025-07-12,1,122,188717.0
2025-07-13,1,97,163473.0
2025-07-14,1,62,86306.0
2025-07-15,1,85,138710.0
2025-07-16,1,98,143040.0
2025-07-17,1,87,124849.0
2025-07-18,1,122,205536.0
2025-07-19,1,171,267579.0
2025-07-20,1,103,176276.0
2025-07-21,1,68,100198.0
2025-07-22,1,93,145729.0
2025-07-23,1,107,171047.0
2025-07-24,1,80,121522.0
2025-07-25,1,120,223319.0
2025-07-26,1,175,222777.0
2025-07-27,1,105,162936.0
2025-07-28,1,61,79017.0
2025-07-29,1,66,96582.0
2025-07-30,1,126,250298.0
2025-07-31,1,109,157935.0
2025-08-01,1,131,174823.0
2025-08-02,1,159,258754.0
2025-08-03,1,93,117511.0
2025-08-04,1,68,89133.0
2025-08-05,1,70,114038.0
2025-08-06,1,101,141423.0
2025-08-07,1,116,152869.0
2025-08-08,1,146,244189.0
2025-08-09,1,127,223039.0
2025-08-10,1,105,167201.0
2025-08-11,1,71,92867.0
2025-08-12,1,96,133815.0
2025-08-13,1,83,115204.0
2025-08-14,1,114,151023.0
2025-08-15,1,157,207697.0
2025-08-16,1,101,159691.0
2025-08-17,1,245,330341.0
2025-08-18,1,71,88409.0
2025-08-19,1,74,105234.0
2025-08-20,1,105,156470.0
2025-08-21,1,106,182100.0
2025-08-22,1,96,152428.0
2025-08-23,1,167,256659.0
2025-08-24,1,105,174671.0
2025-08-25,1,61,87705.0
2025-08-26,1,62,86106.0
2025-08-27,1,100,172938.0
2025-08-28,1,97,132399.0
2025-08-29,1,129,202930.0
2025-08-30,1,144,224356.0
2025-08-31,1,100,142741.0
2025-09-01,1,71,93668.0
2025-09-02,1,67,97165.0
2025-09-03,1,81,97733.0
2025-09-04,1,83,124175.0
2025-09-05,1,141,234861.0
2025-09-06,1,149,208305.0
2025-09-07,1,98,161087.0
2025-09-08,1,73,103963.0
2025-09-09,1,63,87328.0
2025-09-10,1,90,129402.0
2025-09-11,1,107,163341.0
2025-09-12,1,105,147594.0
2025-09-13,1,141,235741.0
2025-09-14,1,116,175003.0
2025-09-15,1,75,99047.0
2025-09-16,1,81,109040.0
2025-09-17,1,83,124582.0
2025-09-18,1,94,133121.0
2025-09-19,1,136,197195.0
2025-09-20,1,121,232482.0
2025-09-21,1,79,132101.0
2025-09-22,1,74,106625.0
2025-09-23,1,95,140774.0
2025-09-24,1,70,97680.0
2025-09-25,1,70,87212.0
2025-09-26,1,114,216677.0
2025-09-27,1,156,256833.0
2025-09-28,1,110,171414.0
2025-09-29,1,53,76771.0
2025-09-30,1,82,132332.0
2025-10-01,1,89,121810.0
2025-10-02,1,76,115157.0
2025-10-03,1,110,185519.0
2025-10-04,1,174,314373.0
2025-10-05,1,119,177281.0
2025-10-06,1,66,89955.0
2025-10-07,1,81,116300.0
2025-10-08,1,106,135203.0
2025-10-09,1,86,111078.0
2025-10-10,1,108,147954.0
2025-10-11,1,125,191627.0
2025-10-12,1,118,152791.0
2025-10-13,1,62,91538.0
2025-10-14,1,100,160301.0
2025-10-15,1,60,92558.0
2025-10-16,1,116,170328.0
2025-10-17,1,117,176561.0
2025-10-18,1,143,197555.0
2025-10-19,1,111,190113.0
2025-10-20,1,82,119083.0
2025-10-21,1,57,70620.0
2025-10-22,1,59,81018.0
2025-10-23,1,88,141209.0
2025-10-24,1,113,168204.0
2025-10-25,1,135,204636.0
2025-10-26,1,102,141296.0
2025-10-27,1,67,95143.0
2025-10-28,1,72,112031.0
2025-10-29,1,83,126706.0
2025-10-30,1,82,99480.0
2025-10-31,1,76,110180.0
2025-11-01,1,143,235176.0
2025-11-02,1,110,174279.0
2025-11-03,1,57,79708.0
2025-11-04,1,66,100790.0
2025-11-05,1,80,111560.0
2025-11-06,1,103,160671.0
2025-11-07,1,166,257688.0
2025-11-08,1,152,241794.0
2025-11-09,1,117,171443.0
2025-11-10,1,61,93004.0
2025-11-11,1,83,124258.0
2025-11-12,1,103,150303.0
2025-11-13,1,107,172340.0
2025-11-14,1,97,150211.0
2025-11-15,1,119,182520.0
2025-11-16,1,88,138068.0
2025-11-17,1,54,87118.0
2025-11-18,1,81,98149.0
2025-11-19,1,74,107649.0
2025-11-20,1,85,120058.0
2025-11-21,1,116,202066.0
2025-11-22,1,136,193737.0
2025-11-23,1,0,0.0
2025-11-24,1,57,92004.0
2025-11-25,1,64,76477.0
2025-11-26,1,79,121262.0
2025-11-27,1,73,104781.0
2025-11-28,1,100,158502.0
2025-11-29,1,111,195513.0
2025-11-30,1,88,131574.0
2025-12-01,1,83,108092.0
2025-12-02,1,67,74338.0
2025-12-03,1,79,106062.0
2025-12-04,1,89,125795.0
2025-12-05,1,117,173536.0
2025-12-06,1,106,189262.0
2025-12-07,1,79,143356.0
2025-12-08,1,60,82562.0
2025-12-09,1,68,91619.0
2025-12-10,1,95,137184.0
2025-12-11,1,88,143932.0
2025-12-12,1,130,194228.0
2025-12-13,1,100,140487.0
2025-12-14,1,116,161840.0
2025-12-15,1,57,87774.0
2025-12-16,1,55,98669.0
2025-12-17,1,65,93280.0
2025-12-18,1,99,144039.0
2025-12-19,1,110,179947.0
2025-12-20,1,126,194868.0
2025-12-21,1,108,138143.0
2025-12-22,1,80,114982.0
2025-12-23,1,45,76707.0
2025-12-24,1,72,115123.0
2025-12-25,1,66,93288.0
2025-12-26,1,141,231465.0
2025-12-27,1,134,202618.0
2025-12-28,1,130,201720.0
2025-12-29,1,51,83799.0
2025-12-30,1,77,106889.0
2025-12-31,1,111,328643.25
2026-01-01,1,110,129976.0
2026-01-02,1,151,258169.0
2026-01-03,1,142,250221.0
2026-01-04,1,115,189375.0
2026-01-05,1,77,128853.0
2026-01-06,1,101,158590.0
2026-01-07,1,112,161839.0
2026-01-08,1,91,136222.0
2026-01-09,1,70,98487.0
2026-01-10,1,245,415635.0
2026-01-11,1,114,197414.0
2026-01-12,1,57,82064.0
2026-01-13,1,75,77911.0
2026-01-14,1,75,102016.0
2026-01-15,1,110,146901.0
2026-01-16,1,128,232375.0
2026-01-17,1,155,230677.0
2026-01-18,1,73,127703.0
2026-01-19,1,59,92248.0
2026-01-20,1,73,105635.0
2026-01-21,1,94,139693.0
2026-01-22,1,87,123193.0
2026-01-23,1,156,240272.0
2026-01-24,1,152,202763.0
2026-01-25,1,127,208900.0
2026-01-26,1,57,76254.0
2026-01-27,1,88,134504.0
2026-01-28,1,93,137870.0
2026-01-29,1,91,117145.0
2026-01-30,1,132,202563.0
2026-01-31,1,134,231820.0
2026-02-01,1,117,156704.0
2026-02-02,1,68,88376.0
2026-02-03,1,73,115733.0
2026-02-04,1,62,80318.0
2026-02-05,1,115,221256.0
2026-02-06,1,107,188519.0
2026-02-07,1,114,165441.0
2026-02-08,1,130,228049.0
2026-02-09,1,68,78666.0
2026-02-10,1,72,115980.0
2026-02-11,1,88,148941.0
2026-02-12,1,110,158513.0
2026-02-13,1,110,162622.0
2026-02-14,1,161,254125.0
2026-02-15,1,91,151876.0
2026-02-16,1,57,81914.0
2026-02-17,1,69,96384.0
2026-02-18,1,65,85965.0
2026-02-19,1,115,140477.0
2026-02-20,1,103,165506.0
2026-02-21,1,157,250395.0
2026-02-22,1,117,219671.0
2026-02-23,1,83,126163.0
2026-02-24,1,77,95027.0
2026-02-25,1,74,92535.0
2026-02-26,1,99,133734.0
2026-02-27,1,94,123727.0
2026-02-28,1,150,245206.0
2026-03-01,1,105,192672.0
2026-03-02,1,61,84362.0
2026-03-03,1,81,107620.0
2026-03-04,1,96,134610.0
2026-03-05,1,71,101230.0
2026-03-06,1,135,260454.0
2026-03-07,1,156,253576.0
2026-03-08,1,135,241403.0
2026-03-09,1,70,103959.0
2026-03-10,1,66,79134.0
2026-03-11,1,76,101648.0
2026-03-12,1,99,142467.0
2026-03-13,1,138,220981.0
2026-03-14,1,167,220309.0
2026-03-15,1,124,218328.0
2026-03-16,1,94,140722.0
2026-03-17,1,101,149397.0
2026-03-18,1,78,104816.0
2026-03-19,1,97,169831.0
2026-03-20,1,120,188683.0
2026-03-21,1,127,192642.0
2026-03-22,1,109,177383.0
2026-03-23,1,88,127765.0
2026-03-24,1,81,113008.0
2026-03-25,1,88,156446.0
2026-03-26,1,118,201775.0
2026-03-27,1,112,198093.0
2026-03-28,1,152,250349.0
2026-03-29,1,108,145465.0
2026-03-30,1,63,97600.0
2026-03-31,1,76,101632.0
2026-04-01,1,117,176158.0
2026-04-02,1,90,111241.0
2026-04-03,1,97,121966.0
2026-04-04,1,0,0.0
2026-04-05,1,118,156885.0
2026-04-06,1,78,95135.0
2026-04-07,1,84,116442.0
2026-04-08,1,90,145611.0
2026-04-09,1,81,128155.0
2026-04-10,1,150,212376.0
2026-04-11,1,184,294973.0
2026-04-12,1,85,149374.0
2026-04-13,1,62,95143.0
2026-04-14,1,78,107210.0
2026-04-15,1,84,126139.0
2026-04-16,1,87,123777.0
2026-04-17,1,168,262399.0
2026-04-18,1,179,297908.0
2026-04-19,1,91,148831.0
2026-04-20,1,98,164493.0
2026-04-21,1,83,140121.0
2026-04-22,1,132,176553.0
2026-04-23,1,102,184090.0
2026-04-24,1,137,212916.0
2026-04-25,1,146,276594.0
2026-04-26,1,152,254361.0
2026-04-27,1,67,95143.0
2026-04-28,1,73,94638.0
2026-04-29,1,92,129035.0
2026-04-30,1,94,138295.0
2026-05-01,1,152,258922.0
2026-05-02,1,185,307811.0
2026-05-03,1,117,168077.0
2026-05-04,1,68,119850.0
2026-05-05,1,79,121055.0
2026-05-06,1,104,157268.0
2026-05-07,1,129,164311.0
2026-05-08,1,108,193178.0
2026-05-09,1,195,322398.0
2026-05-10,1,92,149482.0
2026-05-11,1,70,108571.0
2026-05-12,1,76,107570.0
2026-05-13,1,94,142017.0
2026-05-14,1,115,184365.0
2026-05-15,1,167,279322.0
2026-05-16,1,103,151965.0
2026-05-17,1,111,194153.0
2026-05-18,1,77,111970.0
2026-05-19,1,86,129435.0
2026-05-20,1,102,140037.0
2026-05-21,1,0,0.0
2026-05-22,1,136,241487.0
2026-05-23,1,160,263974.0
2026-05-24,1,100,192434.0
2026-05-25,1,64,95197.0
2026-05-26,1,76,98749.0
2026-05-27,1,88,136550.0
2026-05-28,1,0,0.0
2026-05-29,1,122,164028.0
2026-05-30,1,141,242306.0
2026-05-31,1,160,225035.0
2026-06-01,1,79,132273.0
2026-06-02,1,78,131472.0
2026-06-03,1,80,116291.0
2026-06-04,1,117,163667.0
2026-06-05,1,120,189034.0
2026-06-06,1,134,184723.0
2026-06-07,1,93,138462.0
2026-06-08,1,51,73258.0
2026-06-09,1,70,93403.0
2026-06-10,1,115,164806.0
2026-06-11,1,110,175170.0
2026-06-12,1,177,292994.0
2026-06-13,1,136,217414.0
2026-06-14,1,144,195835.0
2026-06-15,1,67,79768.0
2026-06-16,1,75,113109.0
2026-06-17,1,94,153612.0
2026-06-18,1,80,116561.0
2026-06-19,1,121,206790.0
2026-06-20,1,172,261326.0
2026-06-21,1,113,177601.0
2026-06-22,1,98,129897.0
2026-06-23,1,74,104948.0
2026-06-24,1,105,173494.0
2026-06-25,1,125,151279.0
2026-06-26,1,134,211319.0
2026-06-27,1,161,232042.0
2026-06-28,1,104,166574.0
2026-06-29,1,53,97842.0
2026-06-30,1,72,101450.0
2026-07-01,1,86,125702.0
2026-07-02,1,103,150842.0
2026-07-03,1,161,301528.0
2026-07-04,1,170,258624.0
2026-07-05,1,156,235185.0
2026-07-06,1,86,111303.0
2026-07-07,1,107,171515.0
2026-07-08,1,67,101455.0
2026-07-09,1,104,160083.0
2026-07-10,1,105,153831.0
2026-07-11,1,137,193930.0
2026-07-12,1,106,201444.0
2026-07-13,1,69,105834.0
2026-07-14,1,105,160846.0
2026-07-15,1,0,0.0
2026-07-16,1,115,158712.0
2026-07-17,1,129,189034.0
2026-07-18,1,140,220554.0
2026-07-19,1,120,196134.0
2026-07-20,1,88,122785.0
2026-07-21,1,88,141762.0
2026-07-22,1,89,136582.0
2026-07-23,1,117,138799.0
2026-07-24,1,142,227832.0
2026-07-25,1,122,204401.0
2026-07-26,1,121,198948.0
2026-07-27,1,89,142565.0
2026-07-28,1,100,128866.0
2026-07-29,1,97,142214.0
2026-07-30,1,102,161958.0
2026-07-31,1,121,165614.0
2026-08-01,1,180,251289.0
2026-08-02,1,121,229524.0
2026-08-03,1,69,94584.0
2026-08-04,1,90,145080.0
2026-08-05,1,65,94375.0
2026-08-06,1,111,154755.0
2026-08-07,1,79,118471.0
2026-08-08,1,96,150101.0
2026-08-09,1,146,254488.0
2026-08-10,1,81,124941.0
2026-08-11,1,53,81880.0
2026-08-12,1,71,98836.0
2026-08-13,1,117,210002.0
2026-08-14,1,120,160349.0
2026-08-15,1,140,220554.0
2026-08-16,1,130,233018.0
2026-08-17,1,87,134674.0
2026-08-18,1,88,127522.0
2026-08-19,1,86,127681.0
2026-08-20,1,84,118683.0
2026-08-21,1,122,189034.0
2026-08-22,1,163,221669.0
2026-08-23,1,99,131036.0
2026-08-24,1,79,120370.0
2026-08-25,1,59,79177.0
2026-08-26,1,106,161156.0
2026-08-27,1,106,151428.0
2026-08-28,1,120,193094.0
2026-08-29,1,127,178996.0
2026-08-30,1,112,149009.0
2026-08-31,1,73,116056.0
2026-09-01,1,68,97774.0
2026-09-02,1,21,29958.0
2026-09-03,1,111,154704.0
2026-09-04,1,123,172699.0
2026-09-05,1,116,161031.0
2026-09-06,1,125,175666.0
2026-09-07,1,73,98848.0
2026-09-08,1,55,82776.0
2026-09-09,1,89,126441.0
2026-09-10,1,128,200980.0
2026-09-11,1,158,283730.0
2026-09-12,1,156,255753.0
2026-09-13,1,101,183171.0
2026-09-14,1,91,123969.0
2026-09-15,1,23,35442.0
2026-09-16,1,100,121739.0
2026-09-17,1,96,167406.0
2026-09-18,1,153,259752.0
2026-09-19,1,190,298816.0
2026-09-20,1,142,219094.0
2026-09-21,1,62,91852.0
2026-09-22,1,65,83579.0
2026-09-23,1,83,121139.0
2026-09-24,1,79,104514.0
2026-09-25,1,115,203556.0
2026-09-26,1,166,274715.0
2026-09-27,1,122,170015.0
2026-09-28,1,59,81598.0
2026-09-29,1,69,95130.0
2026-09-30,1,94,126064.0
2024-01-01,2,0,0.0
2024-01-02,2,67,79335.0
2024-01-03,2,110,136844.0
2024-01-04,2,65,65897.0
2024-01-05,2,113,155679.0
2024-01-06,2,127,165424.0
2024-01-07,2,84,112322.0
2024-01-08,2,0,0.0
2024-01-09,2,54,77532.0
2024-01-10,2,46,57305.0
2024-01-11,2,63,70866.0
2024-01-12,2,77,93540.0
2024-01-13,2,93,108056.0
2024-01-14,2,87,115993.0
2024-01-15,2,0,0.0
2024-01-16,2,67,95811.0
2024-01-17,2,79,89417.0
2024-01-18,2,91,102209.0
2024-01-19,2,74,93253.0
2024-01-20,2,115,174130.0
2024-01-21,2,80,122913.0
2024-01-22,2,0,0.0
2024-01-23,2,56,69940.0
2024-01-24,2,57,62219.0
2024-01-25,2,77,95992.0
2024-01-26,2,81,82829.0
2024-01-27,2,87,95177.0
2024-01-28,2,85,101725.0
2024-01-29,2,0,0.0
2024-01-30,2,49,63723.0
2024-01-31,2,81,107807.0
2024-02-01,2,70,86044.0
2024-02-02,2,89,98986.0
2024-02-03,2,82,83862.0
2024-02-04,2,77,108628.0
2024-02-05,2,0,0.0
2024-02-06,2,81,100329.0
2024-02-07,2,64,91332.0
2024-02-08,2,71,83175.0
2024-02-09,2,102,126563.0
2024-02-10,2,144,168034.0
2024-02-11,2,74,90693.0
2024-02-12,2,0,0.0
2024-02-13,2,62,86639.0
2024-02-14,2,77,84734.0
2024-02-15,2,90,113895.0
2024-02-16,2,107,110825.0
2024-02-17,2,107,156410.0
2024-02-18,2,81,94266.0
2024-02-19,2,0,0.0
2024-02-20,2,42,53746.0
2024-02-21,2,67,73781.0
2024-02-22,2,67,81572.0
2024-02-23,2,84,101983.0
2024-02-24,2,127,177307.0
2024-02-25,2,112,131105.0
2024-02-26,2,0,0.0
2024-02-27,2,69,64530.0
2024-02-28,2,63,58030.0
2024-02-29,2,61,75089.0
2024-03-01,2,93,106705.0
2024-03-02,2,90,119385.0
2024-03-03,2,95,117683.0
2024-03-04,2,0,0.0
2024-03-05,2,82,101174.0
2024-03-06,2,79,95733.0
2024-03-07,2,84,80750.0
2024-03-08,2,95,125308.0
2024-03-09,2,97,132342.0
2024-03-10,2,84,125332.0
2024-03-11,2,0,0.0
2024-03-12,2,70,66380.0
2024-03-13,2,93,95826.0
2024-03-14,2,72,74611.0
2024-03-15,2,136,193397.0
2024-03-16,2,87,124490.0
2024-03-17,2,82,107631.0
2024-03-18,2,0,0.0
2024-03-19,2,64,78278.0
2024-03-20,2,110,142908.0
2024-03-21,2,75,89616.0
2024-03-22,2,89,120421.0
2024-03-23,2,114,126192.0
2024-03-24,2,98,135594.0
2024-03-25,2,0,0.0
2024-03-26,2,0,0.0
2024-03-27,2,62,75037.0
2024-03-28,2,73,95612.0
2024-03-29,2,94,123996.0
2024-03-30,2,89,102577.0
2024-03-31,2,75,85537.0
2024-04-01,2,0,0.0
2024-04-02,2,67,82791.0
2024-04-03,2,56,65559.0
2024-04-04,2,66,92978.0
2024-04-05,2,84,114788.0
2024-04-06,2,107,142208.0
2024-04-07,2,108,155858.0
2024-04-08,2,0,0.0
2024-04-09,2,56,63922.0
2024-04-10,2,55,54212.0
2024-04-11,2,75,82983.0
2024-04-12,2,94,106883.0
2024-04-13,2,103,138377.0
2024-04-14,2,98,155239.0
2024-04-15,2,0,0.0
2024-04-16,2,85,98791.0
2024-04-17,2,71,81744.0
2024-04-18,2,95,100055.0
2024-04-19,2,94,119221.0
2024-04-20,2,113,160245.0
2024-04-21,2,103,110785.0
2024-04-22,2,0,0.0
2024-04-23,2,48,48273.0
2024-04-24,2,85,91354.0
2024-04-25,2,85,99886.5
2024-04-26,2,87,121506.0
2024-04-27,2,101,117883.0
2024-04-28,2,79,91253.0
2024-04-29,2,0,0.0
2024-04-30,2,62,69741.0
2024-05-01,2,92,86792.0
2024-05-02,2,91,115708.0
2024-05-03,2,86,89659.0
2024-05-04,2,94,115317.0
2024-05-05,2,71,93509.0
2024-05-06,2,0,0.0
2024-05-07,2,61,75094.0
2024-05-08,2,60,77263.0
2024-05-09,2,109,129781.0
2024-05-10,2,128,131754.0
2024-05-11,2,93,118226.0
2024-05-12,2,100,148332.0
2024-05-13,2,0,0.0
2024-05-14,2,68,81587.0
2024-05-15,2,77,74815.0
2024-05-16,2,107,124377.0
2024-05-17,2,83,117947.0
2024-05-18,2,132,152160.0
2024-05-19,2,96,112665.0
2024-05-20,2,0,0.0
2024-05-21,2,69,35569.8
2024-05-22,2,79,87506.0
2024-05-23,2,95,131570.0
2024-05-24,2,99,131803.0
2024-05-25,2,115,126240.0
2024-05-26,2,99,124306.0
2024-05-27,2,0,0.0
2024-05-28,2,82,89868.0
2024-05-29,2,102,128424.0
2024-05-30,2,87,111769.0
2024-05-31,2,76,43532.1
2024-06-01,2,105,124710.0
2024-06-02,2,111,166907.0
2024-06-03,2,0,0.0
2024-06-04,2,53,50533.0
2024-06-05,2,76,82791.0
2024-06-06,2,92,101910.0
2024-06-07,2,123,157943.0
2024-06-08,2,116,170748.0
2024-06-09,2,93,107900.0
2024-06-10,2,0,0.0
2024-06-11,2,84,91760.0
2024-06-12,2,95,110833.0
2024-06-13,2,93,99324.0
2024-06-14,2,110,124886.0
2024-06-15,2,91,143317.0
2024-06-16,2,112,139480.0
2024-06-17,2,0,0.0
2024-06-18,2,65,75785.0
2024-06-19,2,98,112538.0
2024-06-20,2,71,92869.0
2024-06-21,2,116,141825.0
2024-06-22,2,107,139385.0
2024-06-23,2,119,180714.0
2024-06-24,2,0,0.0
2024-06-25,2,71,88460.0
2024-06-26,2,0,0.0
2024-06-27,2,68,85929.0
2024-06-28,2,96,121296.0
2024-06-29,2,110,137386.5
2024-06-30,2,117,157627.0
2024-07-01,2,0,0.0
2024-07-02,2,79,109722.0
2024-07-03,2,89,85182.0
2024-07-04,2,79,82896.0
2024-07-05,2,104,149278.0
2024-07-06,2,87,117227.0
2024-07-07,2,0,0.0
2024-07-08,2,0,0.0
2024-07-09,2,81,78145.0
2024-07-10,2,52,59852.0
2024-07-11,2,85,88688.0
2024-07-12,2,85,118380.0
2024-07-13,2,103,109376.0
2024-07-14,2,116,120960.0
2024-07-15,2,0,0.0
2024-07-16,2,65,81028.0
2024-07-17,2,77,100166.0
2024-07-18,2,65,89885.0
2024-07-19,2,96,143878.0
2024-07-20,2,120,142113.0
2024-07-21,2,106,128111.0
2024-07-22,2,0,0.0
2024-07-23,2,64,82987.0
2024-07-24,2,64,79382.0
2024-07-25,2,97,126733.0
2024-07-26,2,109,126553.0
2024-07-27,2,147,199537.0
2024-07-28,2,94,109201.0
2024-07-29,2,0,0.0
2024-07-30,2,52,59026.0
2024-07-31,2,75,86144.0
2024-08-01,2,95,122075.0
2024-08-02,2,115,132298.0
2024-08-03,2,68,79817.0
2024-08-04,2,111,144408.0
2024-08-05,2,0,0.0
2024-08-06,2,43,50596.0
2024-08-07,2,93,99598.0
2024-08-08,2,66,82678.0
2024-08-09,2,118,154762.0
2024-08-10,2,111,121100.0
2024-08-11,2,62,65712.0
2024-08-12,2,0,0.0
2024-08-13,2,72,81787.0
2024-08-14,2,61,79880.0
2024-08-15,2,93,109834.0
2024-08-16,2,94,134123.0
2024-08-17,2,86,90770.0
2024-08-18,2,121,159343.0
2024-08-19,2,0,0.0
2024-08-20,2,82,112816.0
2024-08-21,2,66,73154.0
2024-08-22,2,66,93301.0
2024-08-23,2,80,95082.0
2024-08-24,2,32,50632.0
2024-08-25,2,33,41783.0
2024-08-26,2,0,0.0
2024-08-27,2,48,48021.0
2024-08-28,2,72,90791.0
2024-08-29,2,96,116114.0
2024-08-30,2,74,90769.0
2024-08-31,2,113,140849.0
2024-09-01,2,79,102162.0
2024-09-02,2,0,0.0
2024-09-03,2,67,68748.0
2024-09-04,2,81,108888.0
2024-09-05,2,108,147001.0
2024-09-06,2,87,116444.0
2024-09-07,2,102,135524.0
2024-09-08,2,95,123388.0
2024-09-09,2,0,0.0
2024-09-10,2,64,76818.0
2024-09-11,2,76,77051.0
2024-09-12,2,85,98932.0
2024-09-13,2,82,91445.0
2024-09-14,2,133,154752.0
2024-09-15,2,78,106556.0
2024-09-16,2,0,0.0
2024-09-17,2,49,63276.0
2024-09-18,2,62,58788.0
2024-09-19,2,67,75376.0
2024-09-20,2,87,121793.0
2024-09-21,2,85,116192.0
2024-09-22,2,84,94535.0
2024-09-23,2,0,0.0
2024-09-24,2,67,85019.0
2024-09-25,2,63,89480.0
2024-09-26,2,27,31021.0
2024-09-27,2,196,186953.0
2024-09-28,2,101,115166.0
2024-09-29,2,81,98560.0
2024-09-30,2,0,0.0
2024-10-01,2,83,39063.6
2024-10-02,2,79,89562.0
2024-10-03,2,77,102393.0
2024-10-04,2,81,110485.0
2024-10-05,2,139,188215.0
2024-10-06,2,80,90391.0
2024-10-07,2,0,0.0
2024-10-08,2,73,88480.0
2024-10-09,2,84,98263.0
2024-10-10,2,110,137577.0
2024-10-11,2,105,122807.0
2024-10-12,2,91,127697.0
2024-10-13,2,91,96284.0
2024-10-14,2,0,0.0
2024-10-15,2,66,101467.0
2024-10-16,2,82,105979.0
2024-10-17,2,95,105361.0
2024-10-18,2,91,97034.0
2024-10-19,2,87,101350.0
2024-10-20,2,97,133300.0
2024-10-21,2,0,0.0
2024-10-22,2,66,76502.0
2024-10-23,2,66,86681.0
2024-10-24,2,82,101615.0
2024-10-25,2,107,132594.0
2024-10-26,2,63,76611.0
2024-10-27,2,96,126197.0
2024-10-28,2,0,0.0
2024-10-29,2,41,44718.0
2024-10-30,2,81,106507.0
2024-10-31,2,85,98588.0
2024-11-01,2,85,126204.0
2024-11-02,2,112,134376.0
2024-11-03,2,104,139198.0
2024-11-04,2,0,0.0
2024-11-05,2,81,101648.0
2024-11-06,2,67,77372.0
2024-11-07,2,133,167439.0
2024-11-08,2,91,138934.0
2024-11-09,2,84,102722.0
2024-11-10,2,57,79911.0
2024-11-11,2,0,0.0
2024-11-12,2,68,84550.0
2024-11-13,2,52,61505.0
2024-11-14,2,55,75166.0
2024-11-15,2,67,82053.0
2024-11-16,2,117,182476.0
2024-11-17,2,94,114037.0
2024-11-18,2,0,0.0
2024-11-19,2,45,54355.0
2024-11-20,2,84,99163.0
2024-11-21,2,87,99718.0
2024-11-22,2,81,88716.0
2024-11-23,2,116,142347.0
2024-11-24,2,111,143835.0
2024-11-25,2,0,0.0
2024-11-26,2,76,116683.0
2024-11-27,2,69,78422.0
2024-11-28,2,77,85645.0
2024-11-29,2,92,112269.0
2024-11-30,2,53,65905.0
2024-12-01,2,89,100086.0
2024-12-02,2,0,0.0
2024-12-03,2,64,74561.0
2024-12-04,2,65,75665.0
2024-12-05,2,78,110121.0
2024-12-06,2,118,135185.0
2024-12-07,2,106,52719.3
2024-12-08,2,67,92140.0
2024-12-09,2,0,0.0
2024-12-10,2,62,84454.0
2024-12-11,2,74,86347.0
2024-12-12,2,68,82223.0
2024-12-13,2,73,88998.0
2024-12-14,2,134,211785.0
2024-12-15,2,90,128968.0
2024-12-16,2,0,0.0
2024-12-17,2,67,79335.0
2024-12-18,2,65,64193.0
2024-12-19,2,71,83634.0
2024-12-20,2,74,65624.0
2024-12-21,2,122,179465.0
2024-12-22,2,86,130730.0
2024-12-23,2,0,0.0
2024-12-24,2,72,82748.0
2024-12-25,2,75,74005.0
2024-12-26,2,67,74853.0
2024-12-27,2,111,151414.0
2024-12-28,2,146,177617.0
2024-12-29,2,102,118421.0
2024-12-30,2,0,0.0
2024-12-31,2,65,81487.0
2025-01-01,2,95,129698.0
2025-01-02,2,95,97722.0
2025-01-03,2,110,136326.0
2025-01-04,2,28,31562.0
2025-01-05,2,99,119436.0
2025-01-06,2,0,0.0
2025-01-07,2,74,74743.0
2025-01-08,2,105,117822.0
2025-01-09,2,98,117862.0
2025-01-10,2,88,130277.0
2025-01-11,2,80,86526.0
2025-01-12,2,111,162569.0
2025-01-13,2,0,0.0
2025-01-14,2,61,66738.0
2025-01-15,2,60,72552.0
2025-01-16,2,93,104595.0
2025-01-17,2,79,90495.0
2025-01-18,2,118,171989.0
2025-01-19,2,127,149757.0
2025-01-20,2,0,0.0
2025-01-21,2,47,51791.0
2025-01-22,2,76,82006.0
2025-01-23,2,81,102470.0
2025-01-24,2,74,112841.0
2025-01-25,2,114,122034.0
2025-01-26,2,97,124199.0
2025-01-27,2,0,0.0
2025-01-28,2,65,76069.0
2025-01-29,2,68,82147.0
2025-01-30,2,64,82441.0
2025-01-31,2,91,109937.0
2025-02-01,2,90,141425.0
2025-02-02,2,125,152253.0
2025-02-03,2,0,0.0
2025-02-04,2,78,69741.0
2025-02-05,2,82,91668.0
2025-02-06,2,89,103181.0
2025-02-07,2,23,27433.0
2025-02-08,2,109,109424.0
2025-02-09,2,92,107438.0
2025-02-10,2,0,0.0
2025-02-11,2,50,58523.0
2025-02-12,2,66,87402.0
2025-02-13,2,58,67597.0
2025-02-14,2,128,161881.0
2025-02-15,2,99,138827.0
2025-02-16,2,98,123995.5
2025-02-17,2,0,0.0
2025-02-18,2,69,78340.0
2025-02-19,2,102,109279.0
2025-02-20,2,65,80414.0
2025-02-21,2,107,126523.0
2025-02-22,2,93,118560.0
2025-02-23,2,0,0.0
2025-02-24,2,0,0.0
2025-02-25,2,61,67149.0
2025-02-26,2,63,62455.0
2025-02-27,2,75,92848.0
2025-02-28,2,102,135518.0
2025-03-01,2,90,98196.0
2025-03-02,2,91,139807.0
2025-03-03,2,0,0.0
2025-03-04,2,63,80130.0
2025-03-05,2,89,97340.0
2025-03-06,2,78,90718.0
2025-03-07,2,70,94002.0
2025-03-08,2,161,219162.0
2025-03-09,2,117,152178.0
2025-03-10,2,0,0.0
2025-03-11,2,84,98094.0
2025-03-12,2,77,95628.0
2025-03-13,2,92,111928.0
2025-03-14,2,115,157137.0
2025-03-15,2,121,147390.0
2025-03-16,2,102,142446.0
2025-03-17,2,0,0.0
2025-03-18,2,66,77704.0
2025-03-19,2,144,168431.0
2025-03-20,2,102,124097.0
2025-03-21,2,103,140879.0
2025-03-22,2,127,156105.0
2025-03-23,2,109,159079.0
2025-03-24,2,0,0.0
2025-03-25,2,86,94218.0
2025-03-26,2,55,62750.0
2025-03-27,2,105,132070.0
2025-03-28,2,102,133600.0
2025-03-29,2,95,118703.0
2025-03-30,2,96,106612.0
2025-03-31,2,0,0.0
2025-04-01,2,72,79313.0
2025-04-02,2,103,150510.0
2025-04-03,2,83,91430.0
2025-04-04,2,148,182120.0
2025-04-05,2,95,132375.0
2025-04-06,2,93,122769.0
2025-04-07,2,0,0.0
2025-04-08,2,81,77937.0
2025-04-09,2,64,70733.0
2025-04-10,2,87,117716.0
2025-04-11,2,107,143867.0
2025-04-12,2,140,166930.0
2025-04-13,2,103,122194.0
2025-04-14,2,0,0.0
2025-04-15,2,72,95051.0
2025-04-16,2,94,105914.0
2025-04-17,2,97,126161.0
2025-04-18,2,125,145647.0
2025-04-19,2,122,137132.0
2025-04-20,2,128,154826.0
2025-04-21,2,0,0.0
2025-04-22,2,66,66902.0
2025-04-23,2,80,87340.0
2025-04-24,2,114,112395.0
2025-04-25,2,149,230393.0
2025-04-26,2,140,205166.0
2025-04-27,2,102,103339.0
2025-04-28,2,0,0.0
2025-04-29,2,77,80207.0
2025-04-30,2,99,112277.0
2025-05-01,2,123,184995.0
2025-05-02,2,120,146112.0
2025-05-03,2,109,134489.0
2025-05-04,2,74,81254.0
2025-05-05,2,0,0.0
2025-05-06,2,64,57598.0
2025-05-07,2,81,94289.0
2025-05-08,2,98,117380.0
2025-05-09,2,116,136252.0
2025-05-10,2,108,147707.0
2025-05-11,2,119,149531.0
2025-05-12,2,0,0.0
2025-05-13,2,82,115503.0
2025-05-14,2,80,94830.0
2025-05-15,2,96,125624.0
2025-05-16,2,101,123125.0
2025-05-17,2,127,154976.0
2025-05-18,2,44,53195.0
2025-05-19,2,0,0.0
2025-05-20,2,77,92549.0
2025-05-21,2,97,98571.0
2025-05-22,2,102,107074.0
2025-05-23,2,104,126573.0
2025-05-24,2,178,223573.0
2025-05-25,2,144,172757.0
2025-05-26,2,0,0.0
2025-05-27,2,66,80024.0
2025-05-28,2,53,65811.0
2025-05-29,2,95,107749.0
2025-05-30,2,110,166055.0
2025-05-31,2,120,137786.0
2025-06-01,2,115,157060.0
2025-06-02,2,0,0.0
2025-06-03,2,63,77207.0
2025-06-04,2,84,103733.0
2025-06-05,2,92,106419.0
2025-06-06,2,91,117210.0
2025-06-07,2,92,118513.0
2025-06-08,2,93,108169.0
2025-06-09,2,0,0.0
2025-06-10,2,87,108752.0
2025-06-11,2,82,88965.0
2025-06-12,2,98,115805.0
2025-06-13,2,86,103009.0
2025-06-14,2,110,137386.5
2025-06-15,2,67,105852.0
2025-06-16,2,0,0.0
2025-06-17,2,47,63291.0
2025-06-18,2,98,113099.0
2025-06-19,2,82,100761.0
2025-06-20,2,125,189553.0
2025-06-21,2,196,243301.0
2025-06-22,2,72,79296.0
2025-06-23,2,0,0.0
2025-06-24,2,67,79335.0
2025-06-25,2,96,99219.0
2025-06-26,2,74,75663.0
2025-06-27,2,112,153300.0
2025-06-28,2,99,124594.0
2025-06-29,2,125,184146.0
2025-06-30,2,0,0.0
2025-07-01,2,69,94735.0
2025-07-02,2,64,69335.0
2025-07-03,2,75,73011.0
2025-07-04,2,123,151965.0
2025-07-05,2,121,136417.0
2025-07-06,2,139,188925.0
2025-07-07,2,0,0.0
2025-07-08,2,73,92107.0
2025-07-09,2,73,89613.0
2025-07-10,2,85,99886.5
2025-07-11,2,101,105276.0
2025-07-12,2,128,189700.0
2025-07-13,2,106,130432.0
2025-07-14,2,0,0.0
2025-07-15,2,74,73646.0
2025-07-16,2,69,78342.0
2025-07-17,2,84,96792.0
2025-07-18,2,101,126563.0
2025-07-19,2,115,165071.0
2025-07-20,2,98,123995.5
2025-07-21,2,0,0.0
2025-07-22,2,70,81714.0
2025-07-23,2,96,116765.0
2025-07-24,2,79,90123.0
2025-07-25,2,121,174060.0
2025-07-26,2,99,124162.0
2025-07-27,2,99,123995.5
2025-07-28,2,0,0.0
2025-07-29,2,87,87654.0
2025-07-30,2,79,76382.0
2025-07-31,2,103,105889.0
2025-08-01,2,99,127925.0
2025-08-02,2,139,184264.0
2025-08-03,2,106,158444.0
2025-08-04,2,0,0.0
2025-08-05,2,60,71549.0
2025-08-06,2,76,86957.0
2025-08-07,2,110,126217.0
2025-08-08,2,135,171857.0
2025-08-09,2,132,163116.0
2025-08-10,2,98,105787.0
2025-08-11,2,0,0.0
2025-08-12,2,69,79815.0
2025-08-13,2,95,106507.0
2025-08-14,2,98,110187.0
2025-08-15,2,59,72470.0
2025-08-16,2,110,137386.5
2025-08-17,2,80,90892.0
2025-08-18,2,0,0.0
2025-08-19,2,65,75548.0
2025-08-20,2,83,108091.0
2025-08-21,2,68,83452.0
2025-08-22,2,129,157175.0
2025-08-23,2,132,157322.0
2025-08-24,2,98,123995.5
2025-08-25,2,0,0.0
2025-08-26,2,51,68470.0
2025-08-27,2,95,89893.0
2025-08-28,2,61,69530.0
2025-08-29,2,118,141248.0
2025-08-30,2,95,137641.0
2025-08-31,2,102,147112.0
2025-09-01,2,0,0.0
2025-09-02,2,80,100321.0
2025-09-03,2,81,81124.0
2025-09-04,2,79,99271.0
2025-09-05,2,113,139022.0
2025-09-06,2,117,137386.5
2025-09-07,2,75,92726.0
2025-09-08,2,0,0.0
2025-09-09,2,47,59161.0
2025-09-10,2,80,74473.0
2025-09-11,2,131,163605.0
2025-09-12,2,138,159287.0
2025-09-13,2,125,169574.0
2025-09-14,2,103,123658.0
2025-09-15,2,0,0.0
2025-09-16,2,61,69955.0
2025-09-17,2,74,80960.0
2025-09-18,2,81,88030.0
2025-09-19,2,113,154191.0
2025-09-20,2,147,186672.0
2025-09-21,2,95,108530.0
2025-09-22,2,0,0.0
2025-09-23,2,52,54120.0
2025-09-24,2,78,84895.0
2025-09-25,2,95,122551.0
2025-09-26,2,110,142936.0
2025-09-27,2,114,122946.0
2025-09-28,2,105,134603.0
2025-09-29,2,0,0.0
2025-09-30,2,61,76585.0
2025-10-01,2,67,68771.0
2025-10-02,2,84,85500.0
2025-10-03,2,149,186146.0
2025-10-04,2,110,135822.0
2025-10-05,2,110,126672.0
2025-10-06,2,0,0.0
2025-10-07,2,58,86937.0
2025-10-08,2,88,97747.0
2025-10-09,2,83,91323.0
2025-10-10,2,87,97433.0
2025-10-11,2,110,120662.0
2025-10-12,2,87,117932.0
2025-10-13,2,0,0.0
2025-10-14,2,84,105840.0
2025-10-15,2,67,95646.0
2025-10-16,2,75,90524.0
2025-10-17,2,85,107842.0
2025-10-18,2,103,125601.0
2025-10-19,2,82,118393.0
2025-10-20,2,0,0.0
2025-10-21,2,46,46813.0
2025-10-22,2,87,97928.0
2025-10-23,2,95,147732.0
2025-10-24,2,98,142766.0
2025-10-25,2,80,106361.0
2025-10-26,2,145,185344.0
2025-10-27,2,0,0.0
2025-10-28,2,83,99234.0
2025-10-29,2,56,71702.0
2025-10-30,2,77,100919.0
2025-10-31,2,86,118261.0
2025-11-01,2,109,129906.0
2025-11-02,2,82,111403.0
2025-11-03,2,0,0.0
2025-11-04,2,64,76076.0
2025-11-05,2,75,106363.0
2025-11-06,2,81,86844.0
2025-11-07,2,115,161875.0
2025-11-08,2,98,117004.0
2025-11-09,2,85,114826.0
2025-11-10,2,0,0.0
2025-11-11,2,61,62546.0
2025-11-12,2,68,74534.0
2025-11-13,2,97,104787.0
2025-11-14,2,99,115065.0
2025-11-15,2,117,156498.0
2025-11-16,2,73,96420.0
2025-11-17,2,0,0.0
2025-11-18,2,55,62073.0
2025-11-19,2,70,72775.0
2025-11-20,2,57,63973.0
2025-11-21,2,89,100842.0
2025-11-22,2,135,202956.0
2025-11-23,2,88,106632.0
2025-11-24,2,0,0.0
2025-11-25,2,59,65205.0
2025-11-26,2,96,97510.0
2025-11-27,2,99,101449.0
2025-11-28,2,88,114724.0
2025-11-29,2,87,113947.0
2025-11-30,2,103,133979.0
2025-12-01,2,0,0.0
2025-12-02,2,154,179957.0
2025-12-03,2,69,89830.0
2025-12-04,2,91,93971.0
2025-12-05,2,74,86461.0
2025-12-06,2,87,103948.0
2025-12-07,2,98,123995.5
2025-12-08,2,0,0.0
2025-12-09,2,85,126641.0
2025-12-10,2,91,107546.0
2025-12-11,2,99,116726.0
2025-12-12,2,105,129603.0
2025-12-13,2,88,97122.0
2025-12-14,2,78,83074.0
2025-12-15,2,0,0.0
2025-12-16,2,82,89222.0
2025-12-17,2,99,103990.0
2025-12-18,2,93,109572.0
2025-12-19,2,96,111776.0
2025-12-20,2,129,158793.0
2025-12-21,2,91,56055.15
2025-12-22,2,0,0.0
2025-12-23,2,68,75533.0
2025-12-24,2,77,85985.0
2025-12-25,2,73,80407.0
2025-12-26,2,76,87308.0
2025-12-27,2,112,123431.0
2025-12-28,2,108,159535.0
2025-12-29,2,0,0.0
2025-12-30,2,73,80283.0
2025-12-31,2,117,125668.0
2026-01-01,2,92,103322.0
2026-01-02,2,131,153336.0
2026-01-03,2,144,187635.0
2026-01-04,2,106,127974.0
2026-01-05,2,0,0.0
2026-01-06,2,48,63538.0
2026-01-07,2,105,146369.0
2026-01-08,2,88,118706.0
2026-01-09,2,83,105111.0
2026-01-10,2,96,124510.0
2026-01-11,2,95,125286.0
2026-01-12,2,0,0.0
2026-01-13,2,82,116857.0
2026-01-14,2,55,67520.0
2026-01-15,2,76,94465.0
2026-01-16,2,69,102862.0
2026-01-17,2,129,145675.0
2026-01-18,2,91,132247.0
2026-01-19,2,0,0.0
2026-01-20,2,58,63074.0
2026-01-21,2,82,97636.0
2026-01-22,2,96,101121.0
2026-01-23,2,116,151521.0
2026-01-24,2,125,143778.0
2026-01-25,2,72,85926.0
2026-01-26,2,0,0.0
2026-01-27,2,91,98488.0
2026-01-28,2,91,111387.0
2026-01-29,2,68,73493.0
2026-01-30,2,78,98102.0
2026-01-31,2,99,153945.0
2026-02-01,2,122,157794.0
2026-02-02,2,0,0.0
2026-02-03,2,68,84784.0
2026-02-04,2,79,89613.0
2026-02-05,2,69,87993.0
2026-02-06,2,92,123165.0
2026-02-07,2,111,144035.0
2026-02-08,2,98,123995.5
2026-02-09,2,0,0.0
2026-02-10,2,63,71411.0
2026-02-11,2,73,77607.0
2026-02-12,2,64,82937.0
2026-02-13,2,99,122309.0
2026-02-14,2,129,139288.0
2026-02-15,2,127,161632.0
2026-02-16,2,0,0.0
2026-02-17,2,64,71492.0
2026-02-18,2,87,103735.0
2026-02-19,2,65,87579.0
2026-02-20,2,92,122881.0
2026-02-21,2,107,123225.0
2026-02-22,2,98,109444.0
2026-02-23,2,0,0.0
2026-02-24,2,78,84397.0
2026-02-25,2,69,100641.0
2026-02-26,2,0,0.0
2026-02-27,2,111,160054.0
2026-02-28,2,111,133847.0
2026-03-01,2,107,138439.0
2026-03-02,2,0,0.0
2026-03-03,2,71,87148.0
2026-03-04,2,77,84797.0
2026-03-05,2,100,96011.0
2026-03-06,2,84,122396.0
2026-03-07,2,127,160968.0
2026-03-08,2,124,141964.0
2026-03-09,2,0,0.0
2026-03-10,2,86,107705.0
2026-03-11,2,98,126455.0
2026-03-12,2,79,96043.0
2026-03-13,2,107,123855.0
2026-03-14,2,108,135100.0
2026-03-15,2,106,136501.0
2026-03-16,2,0,0.0
2026-03-17,2,71,80873.0
2026-03-18,2,75,87374.0
2026-03-19,2,44,52747.0
2026-03-20,2,103,139469.0
2026-03-21,2,122,145724.0
2026-03-22,2,109,156544.0
2026-03-23,2,0,0.0
2026-03-24,2,66,79976.0
2026-03-25,2,77,87503.0
2026-03-26,2,94,96863.0
2026-03-27,2,104,111664.0
2026-03-28,2,109,133739.0
2026-03-29,2,114,158656.0
2026-03-30,2,0,0.0
2026-03-31,2,78,89631.0
2026-04-01,2,100,141455.0
2026-04-02,2,91,114417.0
2026-04-03,2,103,121913.0
2026-04-04,2,104,118706.0
2026-04-05,2,98,123995.5
2026-04-06,2,0,0.0
2026-04-07,2,62,65701.0
2026-04-08,2,95,112252.0
2026-04-09,2,87,105260.0
2026-04-10,2,117,135035.0
2026-04-11,2,145,176016.0
2026-04-12,2,134,172540.0
2026-04-13,2,0,0.0
2026-04-14,2,69,84402.0
2026-04-15,2,70,108362.0
2026-04-16,2,89,97888.0
2026-04-17,2,131,163341.0
2026-04-18,2,108,131475.0
2026-04-19,2,141,164467.0
2026-04-20,2,0,0.0
2026-04-21,2,59,64487.0
2026-04-22,2,81,81399.0
2026-04-23,2,85,99886.5
2026-04-24,2,99,120240.0
2026-04-25,2,126,175967.0
2026-04-26,2,100,141552.0
2026-04-27,2,0,0.0
2026-04-28,2,73,87855.0
2026-04-29,2,178,189274.0
2026-04-30,2,84,86153.0
2026-05-01,2,139,182268.0
2026-05-02,2,122,153678.0
2026-05-03,2,106,133063.0
2026-05-04,2,0,0.0
2026-05-05,2,107,133650.0
2026-05-06,2,80,93775.0
2026-05-07,2,92,116111.0
2026-05-08,2,108,146249.0
2026-05-09,2,104,144518.0
2026-05-10,2,112,169165.0
2026-05-11,2,0,0.0
2026-05-12,2,84,120930.0
2026-05-13,2,25,29354.0
2026-05-14,2,105,118322.0
2026-05-15,2,140,180211.0
2026-05-16,2,159,169002.0
2026-05-17,2,65,85027.0
2026-05-18,2,0,0.0
2026-05-19,2,106,122593.0
2026-05-20,2,71,85865.0
2026-05-21,2,79,101133.0
2026-05-22,2,124,170339.0
2026-05-23,2,94,109128.0
2026-05-24,2,138,158418.0
2026-05-25,2,0,0.0
2026-05-26,2,64,74638.0
2026-05-27,2,77,90303.0
2026-05-28,2,79,95992.0
2026-05-29,2,160,247366.0
2026-05-30,2,110,137386.5
2026-05-31,2,97,120612.0
2026-06-01,2,0,0.0
2026-06-02,2,71,83003.0
2026-06-03,2,83,201183.8
2026-06-04,2,98,131112.0
2026-06-05,2,133,126563.0
2026-06-06,2,117,165156.0
2026-06-07,2,133,178501.0
2026-06-08,2,0,0.0
2026-06-09,2,56,64443.0
2026-06-10,2,69,100050.0
2026-06-11,2,116,132441.0
2026-06-12,2,186,219725.0
2026-06-13,2,94,131589.0
2026-06-14,2,100,125930.0
2026-06-15,2,0,0.0
2026-06-16,2,62,88916.0
2026-06-17,2,91,127695.0
2026-06-18,2,133,159274.0
2026-06-19,2,118,152007.0
2026-06-20,2,213,281654.5
2026-06-21,2,0,0.0
2026-06-22,2,0,0.0
2026-06-23,2,64,84712.0
2026-06-24,2,88,110504.0
2026-06-25,2,93,112888.0
2026-06-26,2,114,134259.0
2026-06-27,2,97,141875.0
2026-06-28,2,116,122348.0
2026-06-29,2,0,0.0
2026-06-30,2,80,102483.0
2026-07-01,2,84,138823.0
2026-07-02,2,137,171557.0
2026-07-03,2,106,147819.0
2026-07-04,2,104,126479.0
2026-07-05,2,128,181508.0
2026-07-06,2,0,0.0
2026-07-07,2,93,119410.0
2026-07-08,2,75,84347.0
2026-07-09,2,99,120825.0
2026-07-10,2,95,105273.0
2026-07-11,2,91,122125.0
2026-07-12,2,86,111642.0
2026-07-13,2,0,0.0
2026-07-14,2,69,79335.0
2026-07-15,2,98,116006.0
2026-07-16,2,92,115997.0
2026-07-17,2,108,113682.0
2026-07-18,2,111,111056.0
2026-07-19,2,112,161994.0
2026-07-20,2,0,0.0
2026-07-21,2,73,88608.0
2026-07-22,2,89,125637.0
2026-07-23,2,102,148963.0
2026-07-24,2,113,157755.0
2026-07-25,2,147,222623.0
2026-07-26,2,116,182436.0
2026-07-27,2,0,0.0
2026-07-28,2,60,69211.0
2026-07-29,2,101,118094.0
2026-07-30,2,78,94913.0
2026-07-31,2,119,144583.0
2026-08-01,2,127,155715.0
2026-08-02,2,118,152193.0
2026-08-03,2,0,0.0
2026-08-04,2,93,102461.0
2026-08-05,2,79,99598.0
2026-08-06,2,107,137879.0
2026-08-07,2,157,180503.0
2026-08-08,2,122,163090.0
2026-08-09,2,134,166688.0
2026-08-10,2,0,0.0
2026-08-11,2,74,78586.0
2026-08-12,2,100,91537.0
2026-08-13,2,76,90224.0
2026-08-14,2,97,160039.0
2026-08-15,2,153,228564.0
2026-08-16,2,102,123792.0
2026-08-17,2,0,0.0
2026-08-18,2,64,90198.0
2026-08-19,2,76,80440.0
2026-08-20,2,85,116884.0
2026-08-21,2,124,150903.0
2026-08-22,2,89,117343.0
2026-08-23,2,126,147445.0
2026-08-24,2,0,0.0
2026-08-25,2,70,72331.0
2026-08-26,2,89,88316.0
2026-08-27,2,103,134452.0
2026-08-28,2,142,148102.0
2026-08-29,2,104,135073.0
2026-08-30,2,114,174936.0
2026-08-31,2,0,0.0
2026-09-01,2,93,126650.0
2026-09-02,2,57,72968.0
2026-09-03,2,74,106636.0
2026-09-04,2,99,125927.0
2026-09-05,2,128,188109.0
2026-09-06,2,94,111373.0
2026-09-07,2,0,0.0
2026-09-08,2,61,67371.0
2026-09-09,2,108,155223.0
2026-09-10,2,77,93193.0
2026-09-11,2,150,207118.0
2026-09-12,2,90,105777.0
2026-09-13,2,86,104969.0
2026-09-14,2,0,0.0
2026-09-15,2,82,98415.0
2026-09-16,2,67,82223.0
2026-09-17,2,93,104635.0
2026-09-18,2,98,125498.0
2026-09-19,2,123,155819.0
2026-09-20,2,108,124621.0
2026-09-21,2,0,0.0
2026-09-22,2,68,75015.0
2026-09-23,2,83,98966.0
2026-09-24,2,70,82297.0
2026-09-25,2,134,186776.0
2026-09-26,2,124,143814.0
2026-09-27,2,80,108463.0
2026-09-28,2,0,0.0
2026-09-29,2,49,54798.0
2026-09-30,2,63,78849.0
2024-01-01,3,0,0.0
2024-01-02,3,69,98628.0
2024-01-03,3,51,98163.0
2024-01-04,3,78,123915.0
2024-01-05,3,86,168927.0
2024-01-06,3,101,192526.0
2024-01-07,3,70,121489.0
2024-01-08,3,49,80794.0
2024-01-09,3,47,84331.0
2024-01-10,3,52,84245.0
2024-01-11,3,69,122386.0
2024-01-12,3,82,160857.0
2024-01-13,3,116,239322.0
2024-01-14,3,58,85670.0
2024-01-15,3,35,56526.0
2024-01-16,3,46,76226.0
2024-01-17,3,75,127285.0
2024-01-18,3,62,92319.0
2024-01-19,3,82,133773.0
2024-01-20,3,83,188082.0
2024-01-21,3,50,90786.0
2024-01-22,3,27,44326.0
2024-01-23,3,45,65893.0
2024-01-24,3,47,73991.0
2024-01-25,3,39,61294.0
2024-01-26,3,82,159714.0
2024-01-27,3,101,176760.0
2024-01-28,3,42,71273.0
2024-01-29,3,49,79241.0
2024-01-30,3,21,39257.0
2024-01-31,3,47,78455.0
2024-02-01,3,70,102792.0
2024-02-02,3,65,138483.0
2024-02-03,3,90,172930.0
2024-02-04,3,56,113961.0
2024-02-05,3,34,57869.0
2024-02-06,3,52,90018.0
2024-02-07,3,56,88942.0
2024-02-08,3,92,146672.0
2024-02-09,3,52,84989.0
2024-02-10,3,79,142262.0
2024-02-11,3,51,103881.0
2024-02-12,3,39,54699.0
2024-02-13,3,56,94614.0
2024-02-14,3,56,91459.0
2024-02-15,3,39,62735.0
2024-02-16,3,77,138483.0
2024-02-17,3,78,133831.0
2024-02-18,3,60,107321.0
2024-02-19,3,33,61738.0
2024-02-20,3,33,62084.0
2024-02-21,3,54,81450.0
2024-02-22,3,29,50486.0
2024-02-23,3,81,158145.0
2024-02-24,3,94,179117.0
2024-02-25,3,37,75135.0
2024-02-26,3,42,69174.0
2024-02-27,3,73,115745.0
2024-02-28,3,76,110905.0
2024-02-29,3,48,85596.0
2024-03-01,3,77,140000.0
2024-03-02,3,69,128507.0
2024-03-03,3,68,127472.0
2024-03-04,3,36,62243.0
2024-03-05,3,40,54657.0
2024-03-06,3,62,99011.0
2024-03-07,3,52,92227.0
2024-03-08,3,104,187706.0
2024-03-09,3,82,152004.0
2024-03-10,3,45,72185.0
2024-03-11,3,54,75082.0
2024-03-12,3,50,80574.0
2024-03-13,3,70,114359.0
2024-03-14,3,53,72595.0
2024-03-15,3,61,105053.0
2024-03-16,3,55,83377.0
2024-03-17,3,57,102896.0
2024-03-18,3,27,54163.0
2024-03-19,3,35,61660.0
2024-03-20,3,53,82926.0
2024-03-21,3,63,122579.0
2024-03-22,3,80,145562.0
2024-03-23,3,94,162589.0
2024-03-24,3,52,98388.0
2024-03-25,3,50,82162.0
2024-03-26,3,56,86716.0
2024-03-27,3,77,133202.0
2024-03-28,3,49,166816.35
2024-03-29,3,72,127610.0
2024-03-30,3,79,131781.0
2024-03-31,3,43,90057.0
2024-04-01,3,36,55468.0
2024-04-02,3,60,118843.0
2024-04-03,3,75,130079.0
2024-04-04,3,75,112632.0
2024-04-05,3,106,197644.0
2024-04-06,3,74,110457.0
2024-04-07,3,47,79824.0
2024-04-08,3,28,47897.0
2024-04-09,3,44,78549.0
2024-04-10,3,56,110344.0
2024-04-11,3,76,136643.0
2024-04-12,3,71,102815.0
2024-04-13,3,88,141127.0
2024-04-14,3,52,104383.0
2024-04-15,3,41,78049.0
2024-04-16,3,47,81199.0
2024-04-17,3,72,135442.0
2024-04-18,3,66,109415.0
2024-04-19,3,77,138483.0
2024-04-20,3,100,171452.0
2024-04-21,3,36,70470.0
2024-04-22,3,46,76292.0
2024-04-23,3,43,79974.0
2024-04-24,3,49,90435.0
2024-04-25,3,53,91473.0
2024-04-26,3,78,155172.0
2024-04-27,3,100,185556.0
2024-04-28,3,44,75280.0
2024-04-29,3,49,92302.0
2024-04-30,3,43,68661.0
2024-05-01,3,88,169610.0
2024-05-02,3,62,87294.0
2024-05-03,3,58,96266.0
2024-05-04,3,87,163513.0
2024-05-05,3,79,135488.0
2024-05-06,3,0,0.0
2024-05-07,3,42,76396.0
2024-05-08,3,56,97102.0
2024-05-09,3,83,123634.0
2024-05-10,3,94,161172.0
2024-05-11,3,82,146312.0
2024-05-12,3,51,90669.0
2024-05-13,3,47,83818.0
2024-05-14,3,41,60944.0
2024-05-15,3,57,97594.0
2024-05-16,3,71,102132.0
2024-05-17,3,116,229840.0
2024-05-18,3,94,150626.0
2024-05-19,3,52,97252.0
2024-05-20,3,35,59135.0
2024-05-21,3,42,73615.0
2024-05-22,3,140,196997.0
2024-05-23,3,51,93666.0
2024-05-24,3,92,129628.0
2024-05-25,3,99,203923.0
2024-05-26,3,51,87183.0
2024-05-27,3,41,84583.0
2024-05-28,3,53,79078.0
2024-05-29,3,53,93848.0
2024-05-30,3,87,156678.0
2024-05-31,3,85,145806.0
2024-06-01,3,71,126320.0
2024-06-02,3,41,70894.0
2024-06-03,3,40,79390.0
2024-06-04,3,55,89300.0
2024-06-05,3,86,126242.0
2024-06-06,3,71,133461.0
2024-06-07,3,107,194951.0
2024-06-08,3,69,123635.0
2024-06-09,3,61,109992.0
2024-06-10,3,71,117629.0
2024-06-11,3,36,57408.0
2024-06-12,3,80,134362.0
2024-06-13,3,74,126528.0
2024-06-14,3,99,184135.0
2024-06-15,3,89,173601.0
2024-06-16,3,49,88262.0
2024-06-17,3,63,98793.0
2024-06-18,3,49,86438.0
2024-06-19,3,53,91362.0
2024-06-20,3,65,95294.0
2024-06-21,3,83,174190.0
2024-06-22,3,107,220963.0
2024-06-23,3,69,122775.0
2024-06-24,3,60,99161.0
2024-06-25,3,42,68674.0
2024-06-26,3,37,54893.0
2024-06-27,3,64,116933.0
2024-06-28,3,70,118277.0
2024-06-29,3,75,140631.0
2024-06-30,3,48,81671.0
2024-07-01,3,42,71970.0
2024-07-02,3,73,134450.0
2024-07-03,3,42,68717.0
2024-07-04,3,101,177826.0
2024-07-05,3,89,191790.0
2024-07-06,3,103,174260.0
2024-07-07,3,46,70319.0
2024-07-08,3,46,68398.0
2024-07-09,3,44,86705.0
2024-07-10,3,65,105066.0
2024-07-11,3,61,116007.0
2024-07-12,3,81,154119.0
2024-07-13,3,97,136179.0
2024-07-14,3,44,67780.0
2024-07-15,3,64,140218.0
2024-07-16,3,59,101723.0
2024-07-17,3,56,91470.0
2024-07-18,3,77,127680.0
2024-07-19,3,88,139605.0
2024-07-20,3,100,167241.0
2024-07-21,3,56,113426.0
2024-07-22,3,38,65921.0
2024-07-23,3,45,76226.0
2024-07-24,3,50,70799.0
2024-07-25,3,44,63862.0
2024-07-26,3,94,178773.0
2024-07-27,3,119,251508.0
2024-07-28,3,66,115226.0
2024-07-29,3,57,86460.0
2024-07-30,3,42,71111.0
2024-07-31,3,55,91459.0
2024-08-01,3,91,142208.0
2024-08-02,3,77,130896.0
2024-08-03,3,68,133492.0
2024-08-04,3,60,96400.0
2024-08-05,3,53,89614.0
2024-08-06,3,60,95585.0
2024-08-07,3,67,189810.0
2024-08-08,3,76,129976.0
2024-08-09,3,76,146101.0
2024-08-10,3,58,97916.0
2024-08-11,3,54,117123.0
2024-08-12,3,61,103070.0
2024-08-13,3,40,54288.0
2024-08-14,3,54,78256.0
2024-08-15,3,67,99892.0
2024-08-16,3,61,136748.0
2024-08-17,3,116,231112.0
2024-08-18,3,76,150409.0
2024-08-19,3,36,59538.0
2024-08-20,3,55,91588.0
2024-08-21,3,15,22707.0
2024-08-22,3,70,122948.0
2024-08-23,3,113,202651.0
2024-08-24,3,80,131074.0
2024-08-25,3,57,103454.0
2024-08-26,3,44,71550.0
2024-08-27,3,49,94713.0
2024-08-28,3,61,88338.0
2024-08-29,3,94,210882.0
2024-08-30,3,89,156289.0
2024-08-31,3,154,295291.0
2024-09-01,3,49,102125.0
2024-09-02,3,41,70483.0
2024-09-03,3,55,91796.0
2024-09-04,3,60,108171.0
2024-09-05,3,71,121255.0
2024-09-06,3,69,120285.0
2024-09-07,3,82,154372.0
2024-09-08,3,46,76100.0
2024-09-09,3,40,84286.0
2024-09-10,3,47,79646.0
2024-09-11,3,61,90435.0
2024-09-12,3,64,107768.0
2024-09-13,3,66,87758.0
2024-09-14,3,78,126215.0
2024-09-15,3,64,138567.0
2024-09-16,3,49,87984.0
2024-09-17,3,42,65808.0
2024-09-18,3,50,94543.0
2024-09-19,3,80,136524.0
2024-09-20,3,0,0.0
2024-09-21,3,100,170076.0
2024-09-22,3,50,95285.0
2024-09-23,3,39,59014.0
2024-09-24,3,60,133168.0
2024-09-25,3,65,102970.0
2024-09-26,3,67,114438.0
2024-09-27,3,111,209843.0
2024-09-28,3,79,135185.0
2024-09-29,3,58,96305.0
2024-09-30,3,54,86013.0
2024-10-01,3,35,69404.0
2024-10-02,3,48,74945.0
2024-10-03,3,67,90923.0
2024-10-04,3,106,196589.0
2024-10-05,3,77,152476.0
2024-10-06,3,68,131746.0
2024-10-07,3,35,68804.5
2024-10-08,3,0,0.0
2024-10-09,3,56,98185.0
2024-10-10,3,60,98778.0
2024-10-11,3,67,121270.0
2024-10-12,3,91,163436.0
2024-10-13,3,69,117949.0
2024-10-14,3,33,48788.0
2024-10-15,3,35,60369.0
2024-10-16,3,44,80765.0
2024-10-17,3,59,97615.0
2024-10-18,3,68,109863.0
2024-10-19,3,104,183844.0
2024-10-20,3,48,106815.0
2024-10-21,3,22,68538.8
2024-10-22,3,60,90753.0
2024-10-23,3,55,101945.0
2024-10-24,3,57,114907.0
2024-10-25,3,100,188838.0
2024-10-26,3,129,188605.0
2024-10-27,3,57,130469.0
2024-10-28,3,36,51987.0
2024-10-29,3,35,62188.0
2024-10-30,3,41,67830.0
2024-10-31,3,45,73545.0
2024-11-01,3,67,135044.0
2024-11-02,3,115,176845.0
2024-11-03,3,45,84472.0
2024-11-04,3,48,93908.0
2024-11-05,3,41,68429.0
2024-11-06,3,44,69868.0
2024-11-07,3,50,86256.0
2024-11-08,3,26,51637.0
2024-11-09,3,81,135665.0
2024-11-10,3,50,81735.0
2024-11-11,3,28,48401.0
2024-11-12,3,36,62047.0
2024-11-13,3,46,62994.0
2024-11-14,3,66,111814.0
2024-11-15,3,48,82776.0
2024-11-16,3,116,196876.0
2024-11-17,3,48,81142.0
2024-11-18,3,35,68624.0
2024-11-19,3,41,65397.0
2024-11-20,3,56,79773.0
2024-11-21,3,46,80700.0
2024-11-22,3,69,118359.0
2024-11-23,3,55,95276.0
2024-11-24,3,48,91417.0
2024-11-25,3,51,94976.0
2024-11-26,3,33,52941.0
2024-11-27,3,41,64594.0
2024-11-28,3,78,154814.0
2024-11-29,3,66,136136.0
2024-11-30,3,68,144021.0
2024-12-01,3,50,85991.0
2024-12-02,3,30,45621.0
2024-12-03,3,25,49336.0
2024-12-04,3,45,86114.0
2024-12-05,3,50,75561.0
2024-12-06,3,67,114025.0
2024-12-07,3,92,158041.0
2024-12-08,3,60,114463.0
2024-12-09,3,49,83055.0
2024-12-10,3,55,95161.0
2024-12-11,3,50,91854.0
2024-12-12,3,74,108838.0
2024-12-13,3,64,107131.0
2024-12-14,3,90,140858.0
2024-12-15,3,44,76817.0
2024-12-16,3,92,158299.0
2024-12-17,3,50,87644.0
2024-12-18,3,47,82780.0
2024-12-19,3,81,140634.0
2024-12-20,3,86,172861.0
2024-12-21,3,66,116038.0
2024-12-22,3,50,88655.0
2024-12-23,3,31,54613.0
2024-12-24,3,31,52263.0
2024-12-25,3,47,74921.0
2024-12-26,3,66,102984.0
2024-12-27,3,65,102936.0
2024-12-28,3,71,109339.0
2024-12-29,3,60,114027.0
2024-12-30,3,25,33288.0
2024-12-31,3,58,118593.0
2025-01-01,3,0,0.0
2025-01-02,3,60,87869.0
2025-01-03,3,95,163732.0
2025-01-04,3,129,295291.0
2025-01-05,3,66,133116.0
2025-01-06,3,50,83007.0
2025-01-07,3,45,76226.0
2025-01-08,3,68,114328.0
2025-01-09,3,56,97546.0
2025-01-10,3,64,106238.0
2025-01-11,3,77,142681.0
2025-01-12,3,52,100495.0
2025-01-13,3,27,43356.0
2025-01-14,3,86,144786.0
2025-01-15,3,42,68391.0
2025-01-16,3,56,97560.0
2025-01-17,3,93,141398.0
2025-01-18,3,80,137725.0
2025-01-19,3,45,68864.0
2025-01-20,3,36,63245.0
2025-01-21,3,53,75868.0
2025-01-22,3,65,107982.0
2025-01-23,3,53,96349.0
2025-01-24,3,73,155686.0
2025-01-25,3,54,100618.0
2025-01-26,3,53,105705.0
2025-01-27,3,27,42996.0
2025-01-28,3,38,66471.0
2025-01-29,3,51,76176.0
2025-01-30,3,72,124905.0
2025-01-31,3,73,149402.0
2025-02-01,3,93,171233.0
2025-02-02,3,34,64936.0
2025-02-03,3,37,66109.0
2025-02-04,3,34,63436.0
2025-02-05,3,55,105988.0
2025-02-06,3,66,122197.0
2025-02-07,3,84,151900.0
2025-02-08,3,88,163194.0
2025-02-09,3,71,106250.0
2025-02-10,3,36,70630.0
2025-02-11,3,46,69453.0
2025-02-12,3,0,0.0
2025-02-13,3,49,84183.0
2025-02-14,3,71,125718.0
2025-02-15,3,81,155794.0
2025-02-16,3,54,85679.0
2025-02-17,3,41,81198.0
2025-02-18,3,52,90779.0
2025-02-19,3,49,71339.0
2025-02-20,3,61,114147.0
2025-02-21,3,81,165592.0
2025-02-22,3,59,110195.0
2025-02-23,3,40,71340.0
2025-02-24,3,39,59300.0
2025-02-25,3,48,103493.0
2025-02-26,3,54,88760.0
2025-02-27,3,43,76645.0
2025-02-28,3,70,139620.0
2025-03-01,3,69,109265.0
2025-03-02,3,53,84150.0
2025-03-03,3,30,53722.0
2025-03-04,3,45,76933.0
2025-03-05,3,51,85668.0
2025-03-06,3,73,117734.0
2025-03-07,3,54,101565.0
2025-03-08,3,82,151091.5
2025-03-09,3,55,85125.0
2025-03-10,3,21,33412.0
2025-03-11,3,42,63887.0
2025-03-12,3,54,90435.0
2025-03-13,3,92,161692.0
2025-03-14,3,93,171474.0
2025-03-15,3,87,146597.0
2025-03-16,3,57,90558.0
2025-03-17,3,30,48186.0
2025-03-18,3,37,73830.0
2025-03-19,3,64,105220.0
2025-03-20,3,64,115901.0
2025-03-21,3,70,129029.0
2025-03-22,3,76,138587.0
2025-03-23,3,50,86494.0
2025-03-24,3,49,92953.0
2025-03-25,3,52,92730.0
2025-03-26,3,48,93450.0
2025-03-27,3,71,111636.0
2025-03-28,3,77,147976.0
2025-03-29,3,98,206031.0
2025-03-30,3,50,100741.0
2025-03-31,3,51,97520.0
2025-04-01,3,62,106212.0
2025-04-02,3,54,90435.0
2025-04-03,3,42,72163.0
2025-04-04,3,46,79535.0
2025-04-05,3,128,285132.0
2025-04-06,3,93,160507.0
2025-04-07,3,38,66303.0
2025-04-08,3,42,63254.0
2025-04-09,3,45,78216.0
2025-04-10,3,80,142073.0
2025-04-11,3,53,90680.0
2025-04-12,3,72,106258.0
2025-04-13,3,80,148924.0
2025-04-14,3,57,97200.0
2025-04-15,3,44,72648.0
2025-04-16,3,62,126556.0
2025-04-17,3,75,130423.0
2025-04-18,3,53,100512.0
2025-04-19,3,71,134300.0
2025-04-20,3,64,119893.0
2025-04-21,3,32,64261.0
2025-04-22,3,52,81269.0
2025-04-23,3,51,76959.0
2025-04-24,3,39,70165.0
2025-04-25,3,77,138483.0
2025-04-26,3,66,106814.0
2025-04-27,3,45,70541.0
2025-04-28,3,40,61106.0
2025-04-29,3,38,52461.0
2025-04-30,3,44,67346.0
2025-05-01,3,69,111053.0
2025-05-02,3,73,136098.0
2025-05-03,3,107,211724.0
2025-05-04,3,53,99742.0
2025-05-05,3,41,67338.0
2025-05-06,3,35,61448.0
2025-05-07,3,45,82478.0
2025-05-08,3,63,122238.0
2025-05-09,3,91,154957.0
2025-05-10,3,109,193082.0
2025-05-11,3,72,156961.0
2025-05-12,3,50,101404.0
2025-05-13,3,45,76226.0
2025-05-14,3,59,102967.0
2025-05-15,3,59,95952.0
2025-05-16,3,91,152996.0
2025-05-17,3,84,144682.0
2025-05-18,3,68,125577.0
2025-05-19,3,42,68172.0
2025-05-20,3,51,99212.0
2025-05-21,3,63,104108.0
2025-05-22,3,71,111130.0
2025-05-23,3,76,121476.0
2025-05-24,3,106,184250.0
2025-05-25,3,49,81742.0
2025-05-26,3,35,63224.0
2025-05-27,3,36,70242.0
2025-05-28,3,57,109075.0
2025-05-29,3,78,135830.0
2025-05-30,3,81,135875.0
2025-05-31,3,72,131951.0
2025-06-01,3,44,73438.0
2025-06-02,3,38,76268.0
2025-06-03,3,66,94243.0
2025-06-04,3,88,160241.0
2025-06-05,3,65,109695.0
2025-06-06,3,82,141347.0
2025-06-07,3,114,209291.0
2025-06-08,3,55,104807.0
2025-06-09,3,47,71963.0
2025-06-10,3,50,86771.0
2025-06-11,3,43,74062.0
2025-06-12,3,100,160884.0
2025-06-13,3,70,149009.0
2025-06-14,3,113,205115.0
2025-06-15,3,65,128322.0
2025-06-16,3,48,75703.0
2025-06-17,3,33,59609.0
2025-06-18,3,70,102005.0
2025-06-19,3,55,82226.0
2025-06-20,3,80,165054.0
2025-06-21,3,73,131590.0
2025-06-22,3,68,116813.0
2025-06-23,3,49,84766.0
2025-06-24,3,53,84836.0
2025-06-25,3,46,71733.0
2025-06-26,3,49,72310.0
2025-06-27,3,73,131222.0
2025-06-28,3,107,183327.0
2025-06-29,3,66,127192.0
2025-06-30,3,40,68804.5
2025-07-01,3,31,59391.0
2025-07-02,3,43,75143.0
2025-07-03,3,68,126182.0
2025-07-04,3,88,150034.0
2025-07-05,3,60,107344.0
2025-07-06,3,38,77620.0
2025-07-07,3,36,56836.0
2025-07-08,3,59,93776.0
2025-07-09,3,67,113329.0
2025-07-10,3,70,138947.0
2025-07-11,3,90,167391.0
2025-07-12,3,75,121347.0
2025-07-13,3,44,81794.0
2025-07-14,3,20,32718.0
2025-07-15,3,33,65487.0
2025-07-16,3,49,94293.0
2025-07-17,3,99,193705.0
2025-07-18,3,61,104199.0
2025-07-19,3,88,193403.0
2025-07-20,3,66,108761.0
2025-07-21,3,67,108314.0
2025-07-22,3,49,141589.75
2025-07-23,3,61,91195.0
2025-07-24,3,71,133925.0
2025-07-25,3,85,153660.0
2025-07-26,3,77,154089.0
2025-07-27,3,64,109691.0
2025-07-28,3,46,74895.0
2025-07-29,3,31,45661.0
2025-07-30,3,64,107724.0
2025-07-31,3,69,113320.0
2025-08-01,3,77,170938.0
2025-08-02,3,71,120866.0
2025-08-03,3,42,66723.0
2025-08-04,3,46,95326.0
2025-08-05,3,41,72558.0
2025-08-06,3,53,92336.0
2025-08-07,3,53,88967.0
2025-08-08,3,80,150791.0
2025-08-09,3,71,153841.0
2025-08-10,3,54,102608.0
2025-08-11,3,44,64188.0
2025-08-12,3,48,79041.0
2025-08-13,3,51,87753.0
2025-08-14,3,60,110121.0
2025-08-15,3,80,127112.0
2025-08-16,3,72,126195.0
2025-08-17,3,42,72602.0
2025-08-18,3,65,130285.0
2025-08-19,3,36,58292.0
2025-08-20,3,54,75650.0
2025-08-21,3,38,67327.0
2025-08-22,3,90,162278.0
2025-08-23,3,98,159289.0
2025-08-24,3,52,97252.0
2025-08-25,3,40,58858.0
2025-08-26,3,33,56988.0
2025-08-27,3,49,82775.0
2025-08-28,3,61,114821.0
2025-08-29,3,50,81223.0
2025-08-30,3,94,187856.0
2025-08-31,3,38,62889.0
2025-09-01,3,44,73896.0
2025-09-02,3,30,53121.0
2025-09-03,3,55,116589.0
2025-09-04,3,60,92126.0
2025-09-05,3,80,136783.0
2025-09-06,3,66,125748.0
2025-09-07,3,38,80574.0
2025-09-08,3,40,78310.0
2025-09-09,3,45,72812.0
2025-09-10,3,56,104151.0
2025-09-11,3,41,63719.0
2025-09-12,3,66,127586.0
2025-09-13,3,95,190442.0
2025-09-14,3,52,81920.0
2025-09-15,3,47,85932.0
2025-09-16,3,33,60207.0
2025-09-17,3,60,99314.0
2025-09-18,3,78,138008.0
2025-09-19,3,89,128298.0
2025-09-20,3,63,115915.0
2025-09-21,3,46,91384.0
2025-09-22,3,120,209060.0
2025-09-23,3,29,54452.0
2025-09-24,3,62,105781.0
2025-09-25,3,64,105713.0
2025-09-26,3,67,127718.0
2025-09-27,3,53,90226.0
2025-09-28,3,37,76195.0
2025-09-29,3,36,64012.0
2025-09-30,3,33,52208.0
2025-10-01,3,63,89707.0
2025-10-02,3,62,107025.0
2025-10-03,3,80,148792.0
2025-10-04,3,83,148406.0
2025-10-05,3,48,86888.0
2025-10-06,3,29,47275.0
2025-10-07,3,46,76506.0
2025-10-08,3,56,90728.0
2025-10-09,3,45,73587.0
2025-10-10,3,83,161073.0
2025-10-11,3,63,129278.0
2025-10-12,3,37,65581.0
2025-10-13,3,37,66229.0
2025-10-14,3,42,76630.0
2025-10-15,3,60,103287.0
2025-10-16,3,48,95217.0
2025-10-17,3,85,174077.0
2025-10-18,3,67,133045.0
2025-10-19,3,40,65946.0
2025-10-20,3,34,65809.0
2025-10-21,3,69,113193.0
2025-10-22,3,42,72081.0
2025-10-23,3,50,72397.0
2025-10-24,3,77,138483.0
2025-10-25,3,88,157475.0
2025-10-26,3,54,113861.0
2025-10-27,3,39,61746.0
2025-10-28,3,56,112238.0
2025-10-29,3,26,44340.0
2025-10-30,3,18,38132.0
2025-10-31,3,80,128597.0
2025-11-01,3,63,118474.0
2025-11-02,3,56,96413.0
2025-11-03,3,38,60217.0
2025-11-04,3,48,78701.0
2025-11-05,3,40,61504.0
2025-11-06,3,60,103484.0
2025-11-07,3,68,123673.0
2025-11-08,3,0,0.0
2025-11-09,3,49,92461.0
2025-11-10,3,35,59386.0
2025-11-11,3,39,82232.0
2025-11-12,3,43,77346.0
2025-11-13,3,53,92591.0
2025-11-14,3,85,137593.0
2025-11-15,3,73,126803.0
2025-11-16,3,40,75694.0
2025-11-17,3,36,56288.0
2025-11-18,3,51,81846.0
2025-11-19,3,35,58296.0
2025-11-20,3,61,84401.0
2025-11-21,3,77,128603.0
2025-11-22,3,57,102735.0
2025-11-23,3,37,63772.0
2025-11-24,3,32,42794.0
2025-11-25,3,53,80932.0
2025-11-26,3,54,82405.0
2025-11-27,3,53,83063.0
2025-11-28,3,72,145986.0
2025-11-29,3,21,42236.0
2025-11-30,3,44,88908.0
2025-12-01,3,22,40969.0
2025-12-02,3,43,73534.0
2025-12-03,3,58,80313.0
2025-12-04,3,40,64066.0
2025-12-05,3,52,94943.0
2025-12-06,3,87,144844.0
2025-12-07,3,53,99219.0
2025-12-08,3,24,44993.0
2025-12-09,3,28,51365.0
2025-12-10,3,37,54766.0
2025-12-11,3,41,75200.0
2025-12-12,3,50,105874.0
2025-12-13,3,71,128123.0
2025-12-14,3,42,84184.0
2025-12-15,3,0,0.0
2025-12-16,3,51,80424.0
2025-12-17,3,38,65173.0
2025-12-18,3,48,73115.0
2025-12-19,3,60,86915.0
2025-12-20,3,67,109384.0
2025-12-21,3,58,101162.0
2025-12-22,3,42,71039.0
2025-12-23,3,52,84963.0
2025-12-24,3,54,90435.0
2025-12-25,3,72,128565.0
2025-12-26,3,55,93304.0
2025-12-27,3,85,141539.0
2025-12-28,3,45,76695.0
2025-12-29,3,44,65924.0
2025-12-30,3,32,58543.0
2025-12-31,3,52,99062.0
2026-01-01,3,0,0.0
2026-01-02,3,85,155962.0
2026-01-03,3,103,168278.0
2026-01-04,3,69,102760.0
2026-01-05,3,50,91221.0
2026-01-06,3,49,86983.0
2026-01-07,3,59,85195.0
2026-01-08,3,76,132080.0
2026-01-09,3,78,145624.0
2026-01-10,3,74,147142.0
2026-01-11,3,49,91691.0
2026-01-12,3,45,68985.0
2026-01-13,3,49,74881.0
2026-01-14,3,51,80979.0
2026-01-15,3,65,123213.0
2026-01-16,3,62,109792.0
2026-01-17,3,72,128078.0
2026-01-18,3,62,106438.0
2026-01-19,3,40,65245.0
2026-01-20,3,45,76226.0
2026-01-21,3,53,76885.0
2026-01-22,3,54,103218.0
2026-01-23,3,86,162279.0
2026-01-24,3,84,186854.0
2026-01-25,3,57,102902.0
2026-01-26,3,50,98353.0
2026-01-27,3,47,87040.0
2026-01-28,3,54,90435.0
2026-01-29,3,66,117135.0
2026-01-30,3,74,130588.0
2026-01-31,3,98,184162.0
2026-02-01,3,58,119820.0
2026-02-02,3,50,77897.0
2026-02-03,3,50,68419.0
2026-02-04,3,53,90072.0
2026-02-05,3,62,107768.0
2026-02-06,3,63,119529.0
2026-02-07,3,98,170143.0
2026-02-08,3,63,103952.0
2026-02-09,3,37,60099.0
2026-02-10,3,39,66250.0
2026-02-11,3,41,72106.0
2026-02-12,3,58,105652.0
2026-02-13,3,73,140385.0
2026-02-14,3,94,179141.0
2026-02-15,3,59,114825.0
2026-02-16,3,51,90632.0
2026-02-17,3,44,67528.0
2026-02-18,3,67,132540.0
2026-02-19,3,49,90922.0
2026-02-20,3,69,127150.0
2026-02-21,3,85,154475.0
2026-02-22,3,154,295291.0
2026-02-23,3,63,96188.0
2026-02-24,3,46,82859.0
2026-02-25,3,57,89019.0
2026-02-26,3,67,127789.0
2026-02-27,3,71,138667.0
2026-02-28,3,82,159292.0
2026-03-01,3,69,115799.0
2026-03-02,3,44,82897.0
2026-03-03,3,44,62653.0
2026-03-04,3,54,93382.0
2026-03-05,3,76,109417.0
2026-03-06,3,76,132459.0
2026-03-07,3,79,163477.0
2026-03-08,3,52,97252.0
2026-03-09,3,35,65460.0
2026-03-10,3,33,53984.0
2026-03-11,3,65,119866.0
2026-03-12,3,57,86567.0
2026-03-13,3,75,135496.0
2026-03-14,3,76,135314.0
2026-03-15,3,61,110949.0
2026-03-16,3,48,82231.0
2026-03-17,3,44,68547.0
2026-03-18,3,43,71574.0
2026-03-19,3,55,90360.0
2026-03-20,3,77,139243.0
2026-03-21,3,100,158873.0
2026-03-22,3,51,107291.0
2026-03-23,3,36,70032.0
2026-03-24,3,45,90388.0
2026-03-25,3,51,81648.0
2026-03-26,3,68,107079.0
2026-03-27,3,62,100044.0
2026-03-28,3,117,240562.0
2026-03-29,3,52,98091.0
2026-03-30,3,58,88946.0
2026-03-31,3,54,80195.0
2026-04-01,3,46,80417.0
2026-04-02,3,15,26969.0
2026-04-03,3,85,136553.0
2026-04-04,3,88,190709.0
2026-04-05,3,53,42642.45
2026-04-06,3,29,48303.0
2026-04-07,3,54,94046.0
2026-04-08,3,58,121057.0
2026-04-09,3,62,97132.0
2026-04-10,3,57,97523.0
2026-04-11,3,75,146287.0
2026-04-12,3,74,134618.0
2026-04-13,3,73,101086.0
2026-04-14,3,59,111804.0
2026-04-15,3,63,116482.0
2026-04-16,3,66,119631.0
2026-04-17,3,63,108102.0
2026-04-18,3,113,205680.0
2026-04-19,3,41,70060.0
2026-04-20,3,32,45136.0
2026-04-21,3,36,57964.0
2026-04-22,3,70,133668.0
2026-04-23,3,69,108627.0
2026-04-24,3,85,150322.0
2026-04-25,3,87,177085.0
2026-04-26,3,43,88946.0
2026-04-27,3,34,59371.0
2026-04-28,3,50,85159.0
2026-04-29,3,52,84987.0
2026-04-30,3,73,119643.0
2026-05-01,3,62,103868.0
2026-05-02,3,108,223708.0
2026-05-03,3,46,94087.0
2026-05-04,3,32,54461.0
2026-05-05,3,45,57754.0
2026-05-06,3,66,116706.0
2026-05-07,3,52,83805.0
2026-05-08,3,87,159052.0
2026-05-09,3,121,251900.0
2026-05-10,3,74,134357.0
2026-05-11,3,49,72256.0
2026-05-12,3,46,66887.0
2026-05-13,3,54,83510.0
2026-05-14,3,61,83793.0
2026-05-15,3,80,145637.0
2026-05-16,3,60,106596.0
2026-05-17,3,67,116450.0
2026-05-18,3,47,72941.0
2026-05-19,3,30,51059.0
2026-05-20,3,46,72238.0
2026-05-21,3,64,98216.0
2026-05-22,3,70,241375.05
2026-05-23,3,64,100278.0
2026-05-24,3,52,95164.0
2026-05-25,3,37,60535.0
2026-05-26,3,69,128257.0
2026-05-27,3,56,90623.0
2026-05-28,3,70,127445.0
2026-05-29,3,85,123439.0
2026-05-30,3,82,151557.0
2026-05-31,3,44,76706.0
2026-06-01,3,62,88392.0
2026-06-02,3,51,76226.0
2026-06-03,3,55,104520.0
2026-06-04,3,90,156978.0
2026-06-05,3,70,117965.0
2026-06-06,3,64,106676.0
2026-06-07,3,41,61982.0
2026-06-08,3,53,80830.0
2026-06-09,3,56,92296.0
2026-06-10,3,58,93120.0
2026-06-11,3,59,97315.0
2026-06-12,3,93,150852.0
2026-06-13,3,55,92159.0
2026-06-14,3,70,139434.0
2026-06-15,3,48,71022.0
2026-06-16,3,58,94161.0
2026-06-17,3,53,93158.0
2026-06-18,3,73,116774.0
2026-06-19,3,77,149265.0
2026-06-20,3,101,165423.0
2026-06-21,3,66,132238.0
2026-06-22,3,38,64469.0
2026-06-23,3,42,66453.0
2026-06-24,3,50,84356.0
2026-06-25,3,69,102117.0
2026-06-26,3,94,180448.0
2026-06-27,3,82,145405.0
2026-06-28,3,50,112904.0
2026-06-29,3,36,54455.0
2026-06-30,3,44,78665.0
2026-07-01,3,76,121597.0
2026-07-02,3,69,113616.0
2026-07-03,3,85,176501.0
2026-07-04,3,96,193481.0
2026-07-05,3,79,134319.0
2026-07-06,3,66,102027.0
2026-07-07,3,51,79097.0
2026-07-08,3,45,74541.0
2026-07-09,3,87,132232.0
2026-07-10,3,18,30863.0
2026-07-11,3,78,155027.0
2026-07-12,3,60,108702.0
2026-07-13,3,41,74953.0
2026-07-14,3,50,84837.0
2026-07-15,3,42,74208.0
2026-07-16,3,83,137733.0
2026-07-17,3,84,143314.0
2026-07-18,3,76,139633.0
2026-07-19,3,49,82593.0
2026-07-20,3,38,61360.0
2026-07-21,3,56,86793.0
2026-07-22,3,59,114321.0
2026-07-23,3,82,155366.0
2026-07-24,3,70,107111.0
2026-07-25,3,97,193773.0
2026-07-26,3,79,152860.0
2026-07-27,3,36,66749.0
2026-07-28,3,40,67661.0
2026-07-29,3,55,94814.0
2026-07-30,3,81,147831.0
2026-07-31,3,80,124477.0
2026-08-01,3,95,171646.0
2026-08-02,3,53,115417.0
2026-08-03,3,41,71026.0
2026-08-04,3,41,79981.0
2026-08-05,3,70,113254.0
2026-08-06,3,69,117874.0
2026-08-07,3,65,108268.0
2026-08-08,3,67,120401.0
2026-08-09,3,48,99922.0
2026-08-10,3,38,53663.0
2026-08-11,3,47,74252.0
2026-08-12,3,45,61041.0
2026-08-13,3,38,64089.0
2026-08-14,3,108,208542.0
2026-08-15,3,85,149126.0
2026-08-16,3,70,121669.0
2026-08-17,3,46,100308.0
2026-08-18,3,38,68989.0
2026-08-19,3,74,131282.0
2026-08-20,3,48,86282.0
2026-08-21,3,74,116521.0
2026-08-22,3,69,107869.0
2026-08-23,3,48,82969.0
2026-08-24,3,30,54702.0
2026-08-25,3,38,65442.0
2026-08-26,3,41,64759.0
2026-08-27,3,45,78377.0
2026-08-28,3,72,145788.0
2026-08-29,3,88,157872.0
2026-08-30,3,40,71118.0
2026-08-31,3,54,86129.0
2026-09-01,3,34,51579.0
2026-09-02,3,53,84144.0
2026-09-03,3,34,53920.0
2026-09-04,3,62,113699.0
2026-09-05,3,114,204013.0
2026-09-06,3,77,155243.0
2026-09-07,3,41,64382.0
2026-09-08,3,50,85365.0
2026-09-09,3,66,98887.0
2026-09-10,3,72,122478.0
2026-09-11,3,102,177468.0
2026-09-12,3,102,201787.0
2026-09-13,3,74,146833.0
2026-09-14,3,41,72000.0
2026-09-15,3,34,62482.0
2026-09-16,3,65,114442.0
2026-09-17,3,43,75190.0
2026-09-18,3,46,103912.0
2026-09-19,3,82,149400.0
2026-09-20,3,46,75030.0
2026-09-21,3,39,69132.0
2026-09-22,3,43,65549.0
2026-09-23,3,41,71672.0
2026-09-24,3,64,107768.0
2026-09-25,3,81,145741.0
2026-09-26,3,60,133877.0
2026-09-27,3,54,93726.0
2026-09-28,3,40,61533.0
2026-09-29,3,36,59175.0
2026-09-30,3,50,68462.0
